{"stats":{"minecraft:custom":{"minecraft:time_since_rest":17744,"minecraft:interact_with_furnace":2,"minecraft:sprint_one_cm":16118,"minecraft:damage_taken":225,"minecraft:walk_one_cm":41013,"minecraft:damage_blocked_by_shield":55,"minecraft:mob_kills":2,"minecraft:drop":1,"minecraft:damage_dealt":325,"minecraft:swim_one_cm":25128,"minecraft:interact_with_crafting_table":6,"minecraft:fly_one_cm":13075,"minecraft:crouch_one_cm":3276,"minecraft:play_time":17744,"minecraft:sneak_time":1982,"minecraft:walk_under_water_one_cm":1079,"minecraft:jump":207,"minecraft:leave_game":1,"minecraft:walk_on_water_one_cm":3291,"minecraft:time_since_death":17744,"minecraft:climb_one_cm":789,"minecraft:total_world_time":17744,"minecraft:fall_one_cm":3865},"minecraft:mined":{"minecraft:seagrass":1,"minecraft:tall_seagrass":2,"minecraft:furnace":1,"minecraft:iron_ore":1,"minecraft:andesite":25,"minecraft:crafting_table":2,"minecraft:short_grass":2,"minecraft:grass_block":3,"minecraft:coal_ore":23,"minecraft:melon":6,"minecraft:vine":3,"minecraft:jungle_log":8,"minecraft:dirt":15,"minecraft:stone":87,"minecraft:sugar_cane":1,"minecraft:fern":1},"minecraft:used":{"minecraft:melon_slice":11,"minecraft:stone_pickaxe":134,"minecraft:shield":2,"minecraft:wooden_pickaxe":4,"minecraft:stone_axe":5,"minecraft:torch":17,"minecraft:dirt":6,"minecraft:cobblestone":21,"minecraft:crafting_table":2,"minecraft:furnace":1,"minecraft:andesite":23},"minecraft:picked_up":{"minecraft:cocoa_beans":4,"minecraft:raw_iron":1,"minecraft:crafting_table":2,"minecraft:jungle_log":7,"minecraft:andesite":25,"minecraft:dirt":18,"minecraft:bone":2,"minecraft:arrow":2,"minecraft:melon_slice":29,"minecraft:sugar_cane":2,"minecraft:coal":25,"minecraft:cobblestone":85,"minecraft:furnace":1},"minecraft:killed":{"minecraft:skeleton":2},"minecraft:broken":{"minecraft:stone_pickaxe":1},"minecraft:crafted":{"minecraft:shield":1,"minecraft:crafting_table":1,"minecraft:stick":20,"minecraft:iron_ingot":1,"minecraft:wooden_pickaxe":1,"minecraft:stone_pickaxe":2,"minecraft:stone_sword":1,"minecraft:furnace":1,"minecraft:torch":32,"minecraft:stone_axe":1,"minecraft:air":0,"minecraft:jungle_planks":28},"minecraft:dropped":{"minecraft:wooden_pickaxe":1}},"DataVersion":4082}