{"stats":{"minecraft:custom":{"minecraft:interact_with_furnace":14,"minecraft:mob_kills":16,"minecraft:interact_with_crafting_table":18,"minecraft:leave_game":1,"minecraft:time_since_death":65744,"minecraft:climb_one_cm":789,"minecraft:time_since_rest":65744,"minecraft:sprint_one_cm":138248,"minecraft:damage_taken":432,"minecraft:walk_one_cm":269253,"minecraft:damage_blocked_by_shield":465,"minecraft:drop":4,"minecraft:damage_dealt":3013,"minecraft:swim_one_cm":25128,"minecraft:fly_one_cm":56182,"minecraft:open_chest":1,"minecraft:crouch_one_cm":6091,"minecraft:play_time":65744,"minecraft:sneak_time":3236,"minecraft:walk_under_water_one_cm":6549,"minecraft:jump":871,"minecraft:walk_on_water_one_cm":12461,"minecraft:total_world_time":65744,"minecraft:fall_one_cm":10811},"minecraft:mined":{"minecraft:deepslate_redstone_ore":2,"minecraft:tuff":11,"minecraft:deepslate_diamond_ore":5,"minecraft:crafting_table":4,"minecraft:torch":2,"minecraft:cave_vines_plant":5,"minecraft:granite":5,"minecraft:short_grass":2,"minecraft:grass_block":3,"minecraft:melon":6,"minecraft:jungle_log":8,"minecraft:cobblestone":2,"minecraft:deepslate_gold_ore":5,"minecraft:sugar_cane":1,"minecraft:oak_planks":44,"minecraft:diorite":1,"minecraft:spawner":1,"minecraft:seagrass":1,"minecraft:tall_seagrass":2,"minecraft:furnace":3,"minecraft:iron_ore":65,"minecraft:cobbled_deepslate":9,"minecraft:fire":2,"minecraft:andesite":25,"minecraft:coal_ore":48,"minecraft:vine":3,"minecraft:gravel":9,"minecraft:dirt":15,"minecraft:cobweb":12,"minecraft:stone":122,"minecraft:gold_ore":2,"minecraft:deepslate":43,"minecraft:fern":1},"minecraft:used":{"minecraft:water_bucket":18,"minecraft:stone_sword":8,"minecraft:stone_pickaxe":224,"minecraft:wooden_pickaxe":4,"minecraft:shield":12,"minecraft:iron_sword":39,"minecraft:iron_chestplate":1,"minecraft:glow_berries":2,"minecraft:torch":149,"minecraft:dirt":18,"minecraft:crafting_table":6,"minecraft:axolotl_bucket":1,"minecraft:lava_bucket":10,"minecraft:iron_axe":7,"minecraft:melon_slice":26,"minecraft:bread":4,"minecraft:iron_pickaxe":123,"minecraft:gravel":4,"minecraft:stone_axe":52,"minecraft:cobblestone":104,"minecraft:furnace":4,"minecraft:andesite":23,"minecraft:bucket":31,"minecraft:cobbled_deepslate":19},"minecraft:killed":{"minecraft:spider":2,"minecraft:creeper":1,"minecraft:skeleton":6,"minecraft:zombie":7},"minecraft:picked_up":{"minecraft:cocoa_beans":4,"minecraft:crafting_table":4,"minecraft:andesite":25,"minecraft:jungle_log":7,"minecraft:flint":1,"minecraft:tuff":11,"minecraft:gunpowder":2,"minecraft:dirt":18,"minecraft:string":12,"minecraft:bone":7,"minecraft:cobbled_deepslate":53,"minecraft:raw_gold":7,"minecraft:iron_ingot":3,"minecraft:sugar_cane":2,"minecraft:melon_slice":29,"minecraft:oak_planks":44,"minecraft:furnace":3,"minecraft:raw_iron":97,"minecraft:torch":4,"minecraft:gravel":17,"minecraft:diorite":1,"minecraft:redstone":8,"minecraft:arrow":3,"minecraft:rotten_flesh":7,"minecraft:diamond":5,"minecraft:granite":5,"minecraft:glow_berries":5,"minecraft:coal":70,"minecraft:cobblestone":125},"minecraft:broken":{"minecraft:stone_pickaxe":1},"minecraft:crafted":{"minecraft:crafting_table":2,"minecraft:wooden_pickaxe":1,"minecraft:iron_helmet":1,"minecraft:iron_sword":1,"minecraft:furnace":1,"minecraft:bucket":2,"minecraft:stone_axe":1,"minecraft:bread":1,"minecraft:air":0,"minecraft:flint_and_steel":1,"minecraft:jungle_planks":28,"minecraft:iron_chestplate":1,"minecraft:iron_boots":1,"minecraft:shield":1,"minecraft:iron_axe":1,"minecraft:stick":56,"minecraft:iron_ingot":52,"minecraft:iron_pickaxe":1,"minecraft:stone_pickaxe":2,"minecraft:stone_sword":1,"minecraft:iron_leggings":1,"minecraft:torch":136},"minecraft:dropped":{"minecraft:stone_axe":1,"minecraft:stone_sword":1,"minecraft:stone_pickaxe":1,"minecraft:wooden_pickaxe":1}},"DataVersion":4082}