{"stats":{"minecraft:custom":{"minecraft:time_since_rest":8161,"minecraft:sprint_one_cm":10251,"minecraft:damage_taken":50,"minecraft:walk_one_cm":13248,"minecraft:drop":1,"minecraft:swim_one_cm":25128,"minecraft:interact_with_crafting_table":2,"minecraft:fly_one_cm":11051,"minecraft:crouch_one_cm":584,"minecraft:play_time":8161,"minecraft:sneak_time":498,"minecraft:walk_under_water_one_cm":1079,"minecraft:jump":98,"minecraft:leave_game":1,"minecraft:walk_on_water_one_cm":3028,"minecraft:time_since_death":8161,"minecraft:climb_one_cm":683,"minecraft:total_world_time":8161,"minecraft:fall_one_cm":1979},"minecraft:mined":{"minecraft:seagrass":1,"minecraft:tall_seagrass":2,"minecraft:andesite":23,"minecraft:crafting_table":1,"minecraft:short_grass":2,"minecraft:grass_block":3,"minecraft:melon":6,"minecraft:vine":2,"minecraft:jungle_log":8,"minecraft:dirt":12,"minecraft:stone":17,"minecraft:sugar_cane":1,"minecraft:fern":1},"minecraft:used":{"minecraft:melon_slice":3,"minecraft:stone_pickaxe":37,"minecraft:wooden_pickaxe":4,"minecraft:crafting_table":1},"minecraft:picked_up":{"minecraft:cocoa_beans":4,"minecraft:crafting_table":1,"minecraft:jungle_log":7,"minecraft:andesite":23,"minecraft:dirt":15,"minecraft:melon_slice":29,"minecraft:sugar_cane":2,"minecraft:cobblestone":17},"minecraft:crafted":{"minecraft:crafting_table":1,"minecraft:stick":4,"minecraft:wooden_pickaxe":1,"minecraft:stone_pickaxe":1,"minecraft:jungle_planks":28},"minecraft:dropped":{"minecraft:wooden_pickaxe":1}},"DataVersion":4082}