{"stats":{"minecraft:custom":{"minecraft:mob_kills":29,"minecraft:interact_with_crafting_table":27,"minecraft:leave_game":3,"minecraft:time_since_death":130787,"minecraft:climb_one_cm":1109,"minecraft:sprint_one_cm":222208,"minecraft:walk_one_cm":496058,"minecraft:damage_blocked_by_shield":1080,"minecraft:drop":26,"minecraft:play_time":130787,"minecraft:sneak_time":12582,"minecraft:walk_under_water_one_cm":7884,"minecraft:boat_one_cm":21329,"minecraft:jump":1743,"minecraft:walk_on_water_one_cm":15704,"minecraft:total_world_time":130787,"minecraft:interact_with_furnace":34,"minecraft:sleep_in_bed":2,"minecraft:time_since_rest":2438,"minecraft:damage_taken":1023,"minecraft:damage_dealt":5868,"minecraft:swim_one_cm":46015,"minecraft:fly_one_cm":147414,"minecraft:open_chest":13,"minecraft:crouch_one_cm":40615,"minecraft:fall_one_cm":33059},"minecraft:used":{"minecraft:stone_sword":8,"minecraft:flint_and_steel":5,"minecraft:chest":2,"minecraft:shield":27,"minecraft:iron_sword":80,"minecraft:netherrack":32,"minecraft:iron_chestplate":1,"minecraft:torch":178,"minecraft:dirt":19,"minecraft:axolotl_bucket":1,"minecraft:obsidian":15,"minecraft:lava_bucket":10,"minecraft:iron_axe":33,"minecraft:iron_boots":1,"minecraft:stone_brick_stairs":1,"minecraft:basalt":366,"minecraft:furnace":6,"minecraft:cobbled_deepslate":58,"minecraft:golden_boots":1,"minecraft:cooked_mutton":4,"minecraft:water_bucket":18,"minecraft:stone_pickaxe":224,"minecraft:oak_planks":1,"minecraft:blackstone":8,"minecraft:wooden_pickaxe":4,"minecraft:glow_berries":11,"minecraft:crafting_table":10,"minecraft:white_bed":1,"minecraft:diamond_pickaxe":534,"minecraft:crying_obsidian":1,"minecraft:melon_slice":37,"minecraft:bread":4,"minecraft:iron_pickaxe":251,"minecraft:gravel":4,"minecraft:stone_axe":52,"minecraft:cobblestone":105,"minecraft:cooked_porkchop":2,"minecraft:andesite":23,"minecraft:bucket":32,"minecraft:oak_boat":2},"minecraft:picked_up":{"minecraft:cocoa_beans":4,"minecraft:crafting_table":6,"minecraft:stone_brick_stairs":1,"minecraft:shield":1,"minecraft:string":12,"minecraft:raw_copper":23,"minecraft:blackstone":8,"minecraft:gold_nugget":2,"minecraft:cobbled_deepslate":58,"minecraft:oak_boat":1,"minecraft:sugar_cane":6,"minecraft:melon_slice":66,"minecraft:furnace":5,"minecraft:raw_iron":99,"minecraft:stick":9,"minecraft:sandstone":10,"minecraft:brown_terracotta":1,"minecraft:torch":5,"minecraft:porkchop":2,"minecraft:diorite":1,"minecraft:redstone":8,"minecraft:rotten_flesh":10,"minecraft:arrow":4,"minecraft:stone_shovel":1,"minecraft:gold_ingot":1,"minecraft:mutton":4,"minecraft:glow_berries":5,"minecraft:obsidian":15,"minecraft:white_wool":3,"minecraft:cobblestone":267,"minecraft:basalt":371,"minecraft:jungle_log":15,"minecraft:andesite":32,"minecraft:flint":1,"minecraft:tuff":11,"minecraft:gunpowder":2,"minecraft:dirt":35,"minecraft:bone":7,"minecraft:stone_bricks":1,"minecraft:raw_gold":9,"minecraft:iron_ingot":3,"minecraft:stone_pickaxe":1,"minecraft:oak_planks":47,"minecraft:gravel":19,"minecraft:sand":41,"minecraft:crying_obsidian":1,"minecraft:diamond":5,"minecraft:stone_axe":1,"minecraft:granite":14,"minecraft:oak_sapling":1,"minecraft:netherrack":50,"minecraft:coal":142},"minecraft:killed":{"minecraft:spider":3,"minecraft:skeleton":8,"minecraft:pig":1,"minecraft:creeper":2,"minecraft:sheep":3,"minecraft:zombie":11,"minecraft:enderman":1},"minecraft:dropped":{"minecraft:cobblestone":4,"minecraft:granite":1,"minecraft:brown_terracotta":1,"minecraft:gold_nugget":2,"minecraft:bone":7,"minecraft:gravel":15,"minecraft:furnace":1,"minecraft:stone_axe":2,"minecraft:stone_sword":1,"minecraft:tuff":11,"minecraft:stone_shovel":1,"minecraft:rotten_flesh":8,"minecraft:shield":1,"minecraft:oak_sapling":1,"minecraft:stone_bricks":1,"minecraft:wooden_pickaxe":1,"minecraft:stone_pickaxe":2,"minecraft:netherrack":18},"minecraft:mined":{"minecraft:nether_gold_ore":1,"minecraft:crying_obsidian":1,"minecraft:tuff":11,"minecraft:deepslate_diamond_ore":5,"minecraft:obsidian":15,"minecraft:cave_vines_plant":5,"minecraft:granite":15,"minecraft:grass_block":4,"minecraft:jungle_log":14,"minecraft:sandstone":8,"minecraft:spawner":1,"minecraft:tall_seagrass":2,"minecraft:furnace":5,"minecraft:iron_ore":65,"minecraft:cobbled_deepslate":10,"minecraft:fire":8,"minecraft:andesite":32,"minecraft:vine":3,"minecraft:stone":263,"minecraft:deepslate_redstone_ore":2,"minecraft:blackstone":8,"minecraft:basalt":380,"minecraft:crafting_table":6,"minecraft:torch":2,"minecraft:short_grass":2,"minecraft:melon":12,"minecraft:dead_bush":10,"minecraft:copper_ore":6,"minecraft:cobblestone":3,"minecraft:deepslate_gold_ore":5,"minecraft:sugar_cane":1,"minecraft:oak_planks":47,"minecraft:diorite":1,"minecraft:wall_torch":1,"minecraft:seagrass":1,"minecraft:stone_brick_stairs":1,"minecraft:coal_ore":71,"minecraft:sand":6,"minecraft:gravel":9,"minecraft:dirt":31,"minecraft:cobweb":12,"minecraft:stone_bricks":1,"minecraft:netherrack":50,"minecraft:gold_ore":2,"minecraft:deepslate":47,"minecraft:fern":1},"minecraft:crafted":{"minecraft:furnace":2,"minecraft:cooked_mutton":4,"minecraft:flint_and_steel":1,"minecraft:iron_boots":1,"minecraft:iron_axe":1,"minecraft:stone_pickaxe":2,"minecraft:chest":1,"minecraft:golden_boots":1,"minecraft:cooked_porkchop":2,"minecraft:crafting_table":5,"minecraft:wooden_pickaxe":1,"minecraft:iron_helmet":1,"minecraft:iron_sword":1,"minecraft:bucket":2,"minecraft:stone_axe":1,"minecraft:bread":1,"minecraft:air":0,"minecraft:jungle_planks":60,"minecraft:oak_boat":1,"minecraft:white_wool":3,"minecraft:iron_chestplate":1,"minecraft:diamond_pickaxe":1,"minecraft:shield":1,"minecraft:stick":56,"minecraft:iron_ingot":64,"minecraft:iron_pickaxe":1,"minecraft:stone_sword":1,"minecraft:iron_leggings":1,"minecraft:gold_ingot":4,"minecraft:white_bed":1,"minecraft:torch":168},"minecraft:broken":{"minecraft:stone_pickaxe":1,"minecraft:iron_pickaxe":1}},"DataVersion":4082}