{"stats":{"minecraft:custom":{"minecraft:interact_with_furnace":18,"minecraft:mob_kills":18,"minecraft:interact_with_crafting_table":21,"minecraft:leave_game":1,"minecraft:time_since_death":77744,"minecraft:climb_one_cm":789,"minecraft:time_since_rest":77744,"minecraft:sprint_one_cm":159881,"minecraft:damage_taken":464,"minecraft:walk_one_cm":310987,"minecraft:damage_blocked_by_shield":585,"minecraft:drop":10,"minecraft:damage_dealt":3413,"minecraft:swim_one_cm":25128,"minecraft:fly_one_cm":82622,"minecraft:open_chest":1,"minecraft:crouch_one_cm":7463,"minecraft:play_time":77744,"minecraft:sneak_time":3545,"minecraft:walk_under_water_one_cm":6549,"minecraft:jump":1068,"minecraft:walk_on_water_one_cm":12461,"minecraft:total_world_time":77744,"minecraft:fall_one_cm":15395},"minecraft:mined":{"minecraft:nether_gold_ore":1,"minecraft:deepslate_redstone_ore":2,"minecraft:tuff":11,"minecraft:deepslate_diamond_ore":5,"minecraft:obsidian":10,"minecraft:crafting_table":4,"minecraft:torch":2,"minecraft:cave_vines_plant":5,"minecraft:granite":5,"minecraft:short_grass":2,"minecraft:grass_block":3,"minecraft:melon":6,"minecraft:jungle_log":8,"minecraft:cobblestone":2,"minecraft:deepslate_gold_ore":5,"minecraft:sugar_cane":1,"minecraft:oak_planks":44,"minecraft:diorite":1,"minecraft:spawner":1,"minecraft:seagrass":1,"minecraft:tall_seagrass":2,"minecraft:furnace":4,"minecraft:iron_ore":65,"minecraft:cobbled_deepslate":9,"minecraft:fire":2,"minecraft:andesite":25,"minecraft:coal_ore":48,"minecraft:vine":3,"minecraft:gravel":9,"minecraft:dirt":15,"minecraft:cobweb":12,"minecraft:stone":122,"minecraft:netherrack":42,"minecraft:gold_ore":2,"minecraft:deepslate":47,"minecraft:fern":1},"minecraft:used":{"minecraft:golden_boots":1,"minecraft:water_bucket":18,"minecraft:stone_sword":8,"minecraft:flint_and_steel":1,"minecraft:stone_pickaxe":224,"minecraft:wooden_pickaxe":4,"minecraft:shield":16,"minecraft:iron_sword":45,"minecraft:netherrack":26,"minecraft:iron_chestplate":1,"minecraft:glow_berries":3,"minecraft:torch":149,"minecraft:dirt":18,"minecraft:crafting_table":8,"minecraft:axolotl_bucket":1,"minecraft:diamond_pickaxe":24,"minecraft:lava_bucket":10,"minecraft:iron_axe":7,"minecraft:melon_slice":29,"minecraft:bread":4,"minecraft:iron_pickaxe":157,"minecraft:gravel":4,"minecraft:stone_axe":52,"minecraft:cobblestone":104,"minecraft:furnace":4,"minecraft:andesite":23,"minecraft:bucket":31,"minecraft:cobbled_deepslate":49},"minecraft:killed":{"minecraft:spider":2,"minecraft:creeper":1,"minecraft:skeleton":8,"minecraft:zombie":7},"minecraft:picked_up":{"minecraft:cocoa_beans":4,"minecraft:crafting_table":4,"minecraft:andesite":25,"minecraft:jungle_log":7,"minecraft:flint":1,"minecraft:tuff":11,"minecraft:gunpowder":2,"minecraft:dirt":18,"minecraft:string":12,"minecraft:bone":7,"minecraft:gold_nugget":2,"minecraft:cobbled_deepslate":57,"minecraft:raw_gold":9,"minecraft:iron_ingot":3,"minecraft:sugar_cane":2,"minecraft:melon_slice":29,"minecraft:oak_planks":44,"minecraft:furnace":4,"minecraft:raw_iron":97,"minecraft:torch":4,"minecraft:gravel":19,"minecraft:diorite":1,"minecraft:redstone":8,"minecraft:arrow":4,"minecraft:rotten_flesh":7,"minecraft:diamond":5,"minecraft:granite":5,"minecraft:gold_ingot":1,"minecraft:obsidian":10,"minecraft:netherrack":42,"minecraft:glow_berries":5,"minecraft:coal":82,"minecraft:cobblestone":125},"minecraft:broken":{"minecraft:stone_pickaxe":1},"minecraft:crafted":{"minecraft:crafting_table":4,"minecraft:wooden_pickaxe":1,"minecraft:iron_helmet":1,"minecraft:iron_sword":1,"minecraft:furnace":1,"minecraft:bucket":2,"minecraft:stone_axe":1,"minecraft:bread":1,"minecraft:air":0,"minecraft:flint_and_steel":1,"minecraft:jungle_planks":28,"minecraft:diamond_pickaxe":1,"minecraft:iron_chestplate":1,"minecraft:iron_boots":1,"minecraft:shield":1,"minecraft:iron_axe":1,"minecraft:stick":56,"minecraft:iron_ingot":52,"minecraft:iron_pickaxe":1,"minecraft:stone_pickaxe":2,"minecraft:stone_sword":1,"minecraft:gold_ingot":4,"minecraft:iron_leggings":1,"minecraft:torch":136,"minecraft:golden_boots":1},"minecraft:dropped":{"minecraft:gravel":15,"minecraft:furnace":1,"minecraft:stone_axe":1,"minecraft:stone_sword":1,"minecraft:tuff":11,"minecraft:cobblestone":2,"minecraft:rotten_flesh":5,"minecraft:granite":1,"minecraft:stone_pickaxe":1,"minecraft:wooden_pickaxe":1}},"DataVersion":4082}