{"stats":{"minecraft:custom":{"minecraft:interact_with_furnace":13,"minecraft:mob_kills":7,"minecraft:interact_with_crafting_table":16,"minecraft:leave_game":1,"minecraft:time_since_death":41744,"minecraft:climb_one_cm":789,"minecraft:time_since_rest":41744,"minecraft:sprint_one_cm":61539,"minecraft:damage_taken":291,"minecraft:walk_one_cm":144916,"minecraft:damage_blocked_by_shield":205,"minecraft:drop":4,"minecraft:damage_dealt":1285,"minecraft:swim_one_cm":25128,"minecraft:fly_one_cm":33948,"minecraft:open_chest":1,"minecraft:crouch_one_cm":3903,"minecraft:play_time":41744,"minecraft:sneak_time":2484,"minecraft:walk_under_water_one_cm":4835,"minecraft:jump":551,"minecraft:walk_on_water_one_cm":10651,"minecraft:total_world_time":41744,"minecraft:fall_one_cm":7070},"minecraft:mined":{"minecraft:crafting_table":3,"minecraft:torch":1,"minecraft:cave_vines_plant":5,"minecraft:granite":4,"minecraft:short_grass":2,"minecraft:grass_block":3,"minecraft:melon":6,"minecraft:jungle_log":8,"minecraft:sugar_cane":1,"minecraft:oak_planks":41,"minecraft:diorite":1,"minecraft:seagrass":1,"minecraft:tall_seagrass":2,"minecraft:furnace":3,"minecraft:iron_ore":65,"minecraft:andesite":25,"minecraft:coal_ore":48,"minecraft:vine":3,"minecraft:dirt":15,"minecraft:cobweb":1,"minecraft:stone":109,"minecraft:fern":1},"minecraft:used":{"minecraft:water_bucket":1,"minecraft:stone_sword":8,"minecraft:stone_pickaxe":224,"minecraft:wooden_pickaxe":4,"minecraft:shield":8,"minecraft:iron_chestplate":1,"minecraft:torch":71,"minecraft:dirt":6,"minecraft:crafting_table":4,"minecraft:iron_axe":2,"minecraft:melon_slice":18,"minecraft:bread":1,"minecraft:iron_pickaxe":28,"minecraft:stone_axe":52,"minecraft:cobblestone":86,"minecraft:furnace":3,"minecraft:andesite":23,"minecraft:bucket":2},"minecraft:killed":{"minecraft:spider":2,"minecraft:skeleton":4,"minecraft:zombie":1},"minecraft:picked_up":{"minecraft:cocoa_beans":4,"minecraft:crafting_table":3,"minecraft:andesite":25,"minecraft:jungle_log":7,"minecraft:dirt":18,"minecraft:string":2,"minecraft:bone":4,"minecraft:iron_ingot":3,"minecraft:sugar_cane":2,"minecraft:melon_slice":29,"minecraft:oak_planks":41,"minecraft:furnace":3,"minecraft:raw_iron":97,"minecraft:torch":3,"minecraft:diorite":1,"minecraft:arrow":2,"minecraft:granite":4,"minecraft:glow_berries":5,"minecraft:coal":70,"minecraft:cobblestone":110},"minecraft:broken":{"minecraft:stone_pickaxe":1},"minecraft:crafted":{"minecraft:crafting_table":2,"minecraft:wooden_pickaxe":1,"minecraft:iron_helmet":1,"minecraft:iron_sword":1,"minecraft:furnace":1,"minecraft:stone_axe":1,"minecraft:bread":1,"minecraft:air":0,"minecraft:jungle_planks":28,"minecraft:iron_chestplate":1,"minecraft:iron_boots":1,"minecraft:shield":1,"minecraft:iron_axe":1,"minecraft:stick":36,"minecraft:iron_ingot":52,"minecraft:iron_pickaxe":1,"minecraft:stone_pickaxe":2,"minecraft:stone_sword":1,"minecraft:iron_leggings":1,"minecraft:torch":76},"minecraft:dropped":{"minecraft:stone_axe":1,"minecraft:stone_sword":1,"minecraft:stone_pickaxe":1,"minecraft:wooden_pickaxe":1}},"DataVersion":4082}