{"stats":{"minecraft:custom":{"minecraft:mob_kills":48,"minecraft:interact_with_crafting_table":30,"minecraft:leave_game":3,"minecraft:time_since_death":178787,"minecraft:climb_one_cm":1414,"minecraft:sprint_one_cm":305998,"minecraft:walk_one_cm":634143,"minecraft:damage_blocked_by_shield":1498,"minecraft:drop":33,"minecraft:play_time":178787,"minecraft:sneak_time":13943,"minecraft:walk_under_water_one_cm":19154,"minecraft:boat_one_cm":21329,"minecraft:jump":2540,"minecraft:walk_on_water_one_cm":28043,"minecraft:total_world_time":178787,"minecraft:interact_with_furnace":47,"minecraft:sleep_in_bed":4,"minecraft:time_since_rest":1723,"minecraft:damage_taken":1226,"minecraft:damage_dealt":8951,"minecraft:swim_one_cm":105357,"minecraft:fly_one_cm":268530,"minecraft:open_chest":30,"minecraft:crouch_one_cm":42828,"minecraft:fall_one_cm":49551},"minecraft:used":{"minecraft:stone_sword":8,"minecraft:flint_and_steel":6,"minecraft:chest":2,"minecraft:shield":42,"minecraft:iron_sword":125,"minecraft:netherrack":32,"minecraft:iron_chestplate":1,"minecraft:torch":275,"minecraft:dirt":19,"minecraft:axolotl_bucket":1,"minecraft:obsidian":16,"minecraft:lava_bucket":10,"minecraft:iron_axe":48,"minecraft:iron_boots":1,"minecraft:stone_brick_stairs":1,"minecraft:basalt":366,"minecraft:furnace":6,"minecraft:cobbled_deepslate":58,"minecraft:golden_boots":1,"minecraft:cooked_mutton":4,"minecraft:water_bucket":91,"minecraft:stone_pickaxe":224,"minecraft:oak_planks":1,"minecraft:blackstone":8,"minecraft:wooden_pickaxe":4,"minecraft:glow_berries":11,"minecraft:crafting_table":12,"minecraft:white_bed":1,"minecraft:diamond_pickaxe":673,"minecraft:crying_obsidian":1,"minecraft:melon_slice":55,"minecraft:bread":4,"minecraft:iron_pickaxe":371,"minecraft:gravel":4,"minecraft:stone_axe":52,"minecraft:cobblestone":169,"minecraft:cooked_porkchop":4,"minecraft:jungle_door":4,"minecraft:andesite":23,"minecraft:bucket":104,"minecraft:oak_boat":2},"minecraft:picked_up":{"minecraft:cocoa_beans":4,"minecraft:crafting_table":6,"minecraft:stone_brick_stairs":1,"minecraft:shield":1,"minecraft:string":14,"minecraft:raw_copper":29,"minecraft:blackstone":8,"minecraft:gold_nugget":2,"minecraft:cobbled_deepslate":179,"minecraft:oak_boat":1,"minecraft:sugar_cane":6,"minecraft:melon_slice":66,"minecraft:furnace":5,"minecraft:raw_iron":105,"minecraft:stick":9,"minecraft:sandstone":10,"minecraft:jungle_door":4,"minecraft:brown_terracotta":1,"minecraft:torch":8,"minecraft:porkchop":12,"minecraft:diorite":5,"minecraft:redstone":8,"minecraft:rotten_flesh":20,"minecraft:arrow":9,"minecraft:stone_shovel":1,"minecraft:gold_ingot":1,"minecraft:mutton":4,"minecraft:glow_berries":5,"minecraft:obsidian":16,"minecraft:white_wool":3,"minecraft:cobblestone":335,"minecraft:basalt":371,"minecraft:jungle_log":15,"minecraft:andesite":32,"minecraft:flint":1,"minecraft:tuff":11,"minecraft:gunpowder":2,"minecraft:dirt":35,"minecraft:bone":12,"minecraft:stone_bricks":1,"minecraft:bow":1,"minecraft:wheat_seeds":1,"minecraft:raw_gold":9,"minecraft:iron_ingot":3,"minecraft:stone_pickaxe":1,"minecraft:oak_planks":47,"minecraft:gravel":19,"minecraft:sand":41,"minecraft:ink_sac":3,"minecraft:spider_eye":1,"minecraft:crying_obsidian":1,"minecraft:diamond":27,"minecraft:stone_axe":1,"minecraft:granite":28,"minecraft:oak_sapling":1,"minecraft:netherrack":50,"minecraft:coal":168},"minecraft:killed":{"minecraft:spider":5,"minecraft:skeleton":13,"minecraft:pig":6,"minecraft:zombie_villager":1,"minecraft:creeper":2,"minecraft:squid":1,"minecraft:sheep":3,"minecraft:zombie":15,"minecraft:enderman":1},"minecraft:dropped":{"minecraft:cobblestone":17,"minecraft:granite":18,"minecraft:dirt":16,"minecraft:brown_terracotta":1,"minecraft:gold_nugget":2,"minecraft:bone":7,"minecraft:gravel":15,"minecraft:furnace":1,"minecraft:stone_axe":2,"minecraft:cobbled_deepslate":15,"minecraft:stone_sword":1,"minecraft:raw_copper":29,"minecraft:tuff":11,"minecraft:stone_shovel":1,"minecraft:rotten_flesh":8,"minecraft:shield":1,"minecraft:oak_sapling":1,"minecraft:stone_bricks":1,"minecraft:sandstone":10,"minecraft:wooden_pickaxe":1,"minecraft:stone_pickaxe":2,"minecraft:netherrack":18},"minecraft:mined":{"minecraft:nether_gold_ore":1,"minecraft:crying_obsidian":1,"minecraft:tuff":11,"minecraft:deepslate_diamond_ore":27,"minecraft:obsidian":16,"minecraft:cave_vines_plant":5,"minecraft:granite":28,"minecraft:grass_block":4,"minecraft:jungle_log":14,"minecraft:sandstone":8,"minecraft:spawner":1,"minecraft:tall_seagrass":2,"minecraft:furnace":5,"minecraft:iron_ore":65,"minecraft:cobbled_deepslate":10,"minecraft:fire":8,"minecraft:andesite":32,"minecraft:deepslate_iron_ore":6,"minecraft:vine":3,"minecraft:stone":331,"minecraft:deepslate_redstone_ore":2,"minecraft:jungle_door":4,"minecraft:blackstone":8,"minecraft:basalt":380,"minecraft:crafting_table":6,"minecraft:torch":2,"minecraft:short_grass":19,"minecraft:melon":12,"minecraft:dead_bush":10,"minecraft:copper_ore":8,"minecraft:cobblestone":3,"minecraft:deepslate_coal_ore":1,"minecraft:deepslate_gold_ore":5,"minecraft:sugar_cane":1,"minecraft:oak_planks":47,"minecraft:diorite":5,"minecraft:wall_torch":3,"minecraft:seagrass":1,"minecraft:stone_brick_stairs":1,"minecraft:coal_ore":96,"minecraft:sand":6,"minecraft:gravel":9,"minecraft:dirt":32,"minecraft:cobweb":12,"minecraft:stone_bricks":1,"minecraft:netherrack":50,"minecraft:gold_ore":2,"minecraft:deepslate":162,"minecraft:fern":9},"minecraft:crafted":{"minecraft:furnace":2,"minecraft:cooked_mutton":4,"minecraft:flint_and_steel":1,"minecraft:diamond_helmet":1,"minecraft:diamond_leggings":1,"minecraft:iron_boots":1,"minecraft:iron_axe":1,"minecraft:stone_pickaxe":2,"minecraft:chest":1,"minecraft:diamond_boots":1,"minecraft:golden_boots":1,"minecraft:cooked_porkchop":12,"minecraft:crafting_table":6,"minecraft:wooden_pickaxe":1,"minecraft:iron_helmet":1,"minecraft:iron_sword":1,"minecraft:bucket":2,"minecraft:stone_axe":1,"minecraft:bread":1,"minecraft:air":0,"minecraft:jungle_planks":60,"minecraft:oak_boat":1,"minecraft:jungle_door":3,"minecraft:white_wool":3,"minecraft:iron_chestplate":1,"minecraft:diamond_pickaxe":1,"minecraft:shield":1,"minecraft:stick":72,"minecraft:iron_ingot":70,"minecraft:iron_pickaxe":2,"minecraft:stone_sword":1,"minecraft:iron_leggings":1,"minecraft:gold_ingot":4,"minecraft:white_bed":1,"minecraft:torch":240,"minecraft:diamond_chestplate":1},"minecraft:broken":{"minecraft:stone_pickaxe":1,"minecraft:iron_pickaxe":1}},"DataVersion":4082}