{"stats":{"minecraft:custom":{"minecraft:mob_kills":23,"minecraft:interact_with_crafting_table":24,"minecraft:leave_game":3,"minecraft:time_since_death":118787,"minecraft:climb_one_cm":1109,"minecraft:sprint_one_cm":197761,"minecraft:walk_one_cm":464424,"minecraft:damage_blocked_by_shield":770,"minecraft:drop":23,"minecraft:play_time":118787,"minecraft:sneak_time":12582,"minecraft:walk_under_water_one_cm":7884,"minecraft:boat_one_cm":21329,"minecraft:jump":1526,"minecraft:walk_on_water_one_cm":15704,"minecraft:total_world_time":118787,"minecraft:interact_with_furnace":30,"minecraft:time_since_rest":118787,"minecraft:damage_taken":842,"minecraft:damage_dealt":3923,"minecraft:swim_one_cm":46015,"minecraft:fly_one_cm":124568,"minecraft:open_chest":10,"minecraft:crouch_one_cm":40615,"minecraft:fall_one_cm":28098},"minecraft:used":{"minecraft:stone_sword":8,"minecraft:flint_and_steel":5,"minecraft:chest":2,"minecraft:shield":22,"minecraft:iron_sword":50,"minecraft:netherrack":32,"minecraft:iron_chestplate":1,"minecraft:torch":153,"minecraft:dirt":19,"minecraft:axolotl_bucket":1,"minecraft:obsidian":15,"minecraft:lava_bucket":10,"minecraft:iron_axe":32,"minecraft:iron_boots":1,"minecraft:stone_brick_stairs":1,"minecraft:basalt":366,"minecraft:furnace":6,"minecraft:cobbled_deepslate":58,"minecraft:golden_boots":1,"minecraft:cooked_mutton":1,"minecraft:water_bucket":18,"minecraft:stone_pickaxe":224,"minecraft:oak_planks":1,"minecraft:blackstone":8,"minecraft:wooden_pickaxe":4,"minecraft:glow_berries":11,"minecraft:crafting_table":10,"minecraft:diamond_pickaxe":414,"minecraft:crying_obsidian":1,"minecraft:melon_slice":37,"minecraft:bread":4,"minecraft:iron_pickaxe":251,"minecraft:gravel":4,"minecraft:stone_axe":52,"minecraft:cobblestone":105,"minecraft:cooked_porkchop":2,"minecraft:andesite":23,"minecraft:bucket":32,"minecraft:oak_boat":1},"minecraft:picked_up":{"minecraft:cocoa_beans":4,"minecraft:crafting_table":6,"minecraft:stone_brick_stairs":1,"minecraft:shield":1,"minecraft:string":12,"minecraft:raw_copper":16,"minecraft:blackstone":8,"minecraft:gold_nugget":2,"minecraft:cobbled_deepslate":58,"minecraft:oak_boat":1,"minecraft:sugar_cane":6,"minecraft:melon_slice":66,"minecraft:furnace":5,"minecraft:raw_iron":99,"minecraft:stick":9,"minecraft:sandstone":6,"minecraft:brown_terracotta":1,"minecraft:torch":5,"minecraft:porkchop":2,"minecraft:diorite":1,"minecraft:redstone":8,"minecraft:rotten_flesh":7,"minecraft:arrow":4,"minecraft:stone_shovel":1,"minecraft:gold_ingot":1,"minecraft:mutton":4,"minecraft:glow_berries":5,"minecraft:obsidian":15,"minecraft:white_wool":3,"minecraft:cobblestone":190,"minecraft:basalt":371,"minecraft:jungle_log":15,"minecraft:andesite":26,"minecraft:flint":1,"minecraft:tuff":11,"minecraft:gunpowder":2,"minecraft:dirt":19,"minecraft:bone":7,"minecraft:stone_bricks":1,"minecraft:raw_gold":9,"minecraft:iron_ingot":3,"minecraft:stone_pickaxe":1,"minecraft:oak_planks":47,"minecraft:gravel":19,"minecraft:sand":3,"minecraft:crying_obsidian":1,"minecraft:diamond":5,"minecraft:stone_axe":1,"minecraft:granite":5,"minecraft:oak_sapling":1,"minecraft:netherrack":50,"minecraft:coal":119},"minecraft:killed":{"minecraft:spider":3,"minecraft:skeleton":8,"minecraft:pig":1,"minecraft:creeper":1,"minecraft:sheep":3,"minecraft:zombie":7},"minecraft:dropped":{"minecraft:cobblestone":4,"minecraft:granite":1,"minecraft:brown_terracotta":1,"minecraft:gold_nugget":2,"minecraft:bone":7,"minecraft:gravel":15,"minecraft:furnace":1,"minecraft:stone_axe":2,"minecraft:stone_sword":1,"minecraft:tuff":11,"minecraft:stone_shovel":1,"minecraft:rotten_flesh":5,"minecraft:shield":1,"minecraft:oak_sapling":1,"minecraft:stone_bricks":1,"minecraft:wooden_pickaxe":1,"minecraft:stone_pickaxe":2,"minecraft:netherrack":18},"minecraft:mined":{"minecraft:nether_gold_ore":1,"minecraft:crying_obsidian":1,"minecraft:tuff":11,"minecraft:deepslate_diamond_ore":5,"minecraft:obsidian":15,"minecraft:cave_vines_plant":5,"minecraft:granite":5,"minecraft:grass_block":4,"minecraft:jungle_log":14,"minecraft:sandstone":6,"minecraft:spawner":1,"minecraft:tall_seagrass":2,"minecraft:furnace":5,"minecraft:iron_ore":65,"minecraft:cobbled_deepslate":10,"minecraft:fire":8,"minecraft:andesite":26,"minecraft:vine":3,"minecraft:stone":187,"minecraft:deepslate_redstone_ore":2,"minecraft:blackstone":8,"minecraft:basalt":380,"minecraft:crafting_table":6,"minecraft:torch":2,"minecraft:short_grass":2,"minecraft:melon":12,"minecraft:dead_bush":10,"minecraft:copper_ore":4,"minecraft:cobblestone":3,"minecraft:deepslate_gold_ore":5,"minecraft:sugar_cane":1,"minecraft:oak_planks":47,"minecraft:diorite":1,"minecraft:wall_torch":1,"minecraft:seagrass":1,"minecraft:stone_brick_stairs":1,"minecraft:coal_ore":48,"minecraft:sand":3,"minecraft:gravel":9,"minecraft:dirt":15,"minecraft:cobweb":12,"minecraft:stone_bricks":1,"minecraft:netherrack":50,"minecraft:gold_ore":2,"minecraft:deepslate":47,"minecraft:fern":1},"minecraft:crafted":{"minecraft:furnace":2,"minecraft:cooked_mutton":4,"minecraft:flint_and_steel":1,"minecraft:iron_boots":1,"minecraft:iron_axe":1,"minecraft:stone_pickaxe":2,"minecraft:chest":1,"minecraft:golden_boots":1,"minecraft:cooked_porkchop":2,"minecraft:crafting_table":5,"minecraft:wooden_pickaxe":1,"minecraft:iron_helmet":1,"minecraft:iron_sword":1,"minecraft:bucket":2,"minecraft:stone_axe":1,"minecraft:bread":1,"minecraft:air":0,"minecraft:jungle_planks":60,"minecraft:oak_boat":1,"minecraft:iron_chestplate":1,"minecraft:diamond_pickaxe":1,"minecraft:shield":1,"minecraft:stick":56,"minecraft:iron_ingot":52,"minecraft:iron_pickaxe":1,"minecraft:stone_sword":1,"minecraft:iron_leggings":1,"minecraft:gold_ingot":4,"minecraft:torch":136},"minecraft:broken":{"minecraft:stone_pickaxe":1,"minecraft:iron_pickaxe":1}},"DataVersion":4082}