{"stats":{"minecraft:custom":{"minecraft:mob_kills":41,"minecraft:interact_with_crafting_table":29,"minecraft:leave_game":3,"minecraft:time_since_death":154787,"minecraft:climb_one_cm":1109,"minecraft:sprint_one_cm":234512,"minecraft:walk_one_cm":592767,"minecraft:damage_blocked_by_shield":1498,"minecraft:drop":32,"minecraft:play_time":154787,"minecraft:sneak_time":13889,"minecraft:walk_under_water_one_cm":14927,"minecraft:boat_one_cm":21329,"minecraft:jump":1991,"minecraft:walk_on_water_one_cm":20540,"minecraft:total_world_time":154787,"minecraft:interact_with_furnace":34,"minecraft:sleep_in_bed":2,"minecraft:time_since_rest":26438,"minecraft:damage_taken":1169,"minecraft:damage_dealt":8142,"minecraft:swim_one_cm":66911,"minecraft:fly_one_cm":154462,"minecraft:open_chest":13,"minecraft:crouch_one_cm":42828,"minecraft:fall_one_cm":34919},"minecraft:used":{"minecraft:stone_sword":8,"minecraft:flint_and_steel":5,"minecraft:chest":2,"minecraft:shield":42,"minecraft:iron_sword":119,"minecraft:netherrack":32,"minecraft:iron_chestplate":1,"minecraft:torch":270,"minecraft:dirt":19,"minecraft:axolotl_bucket":1,"minecraft:obsidian":15,"minecraft:lava_bucket":10,"minecraft:iron_axe":40,"minecraft:iron_boots":1,"minecraft:stone_brick_stairs":1,"minecraft:basalt":366,"minecraft:furnace":6,"minecraft:cobbled_deepslate":58,"minecraft:golden_boots":1,"minecraft:cooked_mutton":4,"minecraft:water_bucket":35,"minecraft:stone_pickaxe":224,"minecraft:oak_planks":1,"minecraft:blackstone":8,"minecraft:wooden_pickaxe":4,"minecraft:glow_berries":11,"minecraft:crafting_table":12,"minecraft:white_bed":1,"minecraft:diamond_pickaxe":672,"minecraft:crying_obsidian":1,"minecraft:melon_slice":50,"minecraft:bread":4,"minecraft:iron_pickaxe":361,"minecraft:gravel":4,"minecraft:stone_axe":52,"minecraft:cobblestone":128,"minecraft:cooked_porkchop":2,"minecraft:jungle_door":4,"minecraft:andesite":23,"minecraft:bucket":49,"minecraft:oak_boat":2},"minecraft:picked_up":{"minecraft:cocoa_beans":4,"minecraft:crafting_table":6,"minecraft:stone_brick_stairs":1,"minecraft:shield":1,"minecraft:string":14,"minecraft:raw_copper":29,"minecraft:blackstone":8,"minecraft:gold_nugget":2,"minecraft:cobbled_deepslate":176,"minecraft:oak_boat":1,"minecraft:sugar_cane":6,"minecraft:melon_slice":66,"minecraft:furnace":5,"minecraft:raw_iron":105,"minecraft:stick":9,"minecraft:sandstone":10,"minecraft:jungle_door":4,"minecraft:brown_terracotta":1,"minecraft:torch":8,"minecraft:porkchop":2,"minecraft:diorite":1,"minecraft:redstone":8,"minecraft:rotten_flesh":16,"minecraft:arrow":9,"minecraft:stone_shovel":1,"minecraft:gold_ingot":1,"minecraft:mutton":4,"minecraft:glow_berries":5,"minecraft:obsidian":15,"minecraft:white_wool":3,"minecraft:cobblestone":334,"minecraft:basalt":371,"minecraft:jungle_log":15,"minecraft:andesite":32,"minecraft:flint":1,"minecraft:tuff":11,"minecraft:gunpowder":2,"minecraft:dirt":35,"minecraft:bone":12,"minecraft:stone_bricks":1,"minecraft:bow":1,"minecraft:raw_gold":9,"minecraft:iron_ingot":3,"minecraft:stone_pickaxe":1,"minecraft:oak_planks":47,"minecraft:gravel":19,"minecraft:sand":41,"minecraft:spider_eye":1,"minecraft:crying_obsidian":1,"minecraft:diamond":27,"minecraft:stone_axe":1,"minecraft:granite":27,"minecraft:oak_sapling":1,"minecraft:netherrack":50,"minecraft:coal":167},"minecraft:killed":{"minecraft:spider":5,"minecraft:skeleton":13,"minecraft:pig":1,"minecraft:zombie_villager":1,"minecraft:creeper":2,"minecraft:sheep":3,"minecraft:zombie":14,"minecraft:enderman":1},"minecraft:dropped":{"minecraft:cobblestone":17,"minecraft:granite":17,"minecraft:dirt":16,"minecraft:brown_terracotta":1,"minecraft:gold_nugget":2,"minecraft:bone":7,"minecraft:gravel":15,"minecraft:furnace":1,"minecraft:stone_axe":2,"minecraft:cobbled_deepslate":15,"minecraft:stone_sword":1,"minecraft:raw_copper":29,"minecraft:tuff":11,"minecraft:stone_shovel":1,"minecraft:rotten_flesh":8,"minecraft:shield":1,"minecraft:oak_sapling":1,"minecraft:stone_bricks":1,"minecraft:sandstone":10,"minecraft:wooden_pickaxe":1,"minecraft:stone_pickaxe":2,"minecraft:netherrack":18},"minecraft:mined":{"minecraft:nether_gold_ore":1,"minecraft:crying_obsidian":1,"minecraft:tuff":11,"minecraft:deepslate_diamond_ore":27,"minecraft:obsidian":15,"minecraft:cave_vines_plant":5,"minecraft:granite":27,"minecraft:grass_block":4,"minecraft:jungle_log":14,"minecraft:sandstone":8,"minecraft:spawner":1,"minecraft:tall_seagrass":2,"minecraft:furnace":5,"minecraft:iron_ore":65,"minecraft:cobbled_deepslate":10,"minecraft:fire":8,"minecraft:andesite":32,"minecraft:deepslate_iron_ore":6,"minecraft:vine":3,"minecraft:stone":330,"minecraft:deepslate_redstone_ore":2,"minecraft:jungle_door":4,"minecraft:blackstone":8,"minecraft:basalt":380,"minecraft:crafting_table":6,"minecraft:torch":2,"minecraft:short_grass":2,"minecraft:melon":12,"minecraft:dead_bush":10,"minecraft:copper_ore":8,"minecraft:cobblestone":3,"minecraft:deepslate_coal_ore":1,"minecraft:deepslate_gold_ore":5,"minecraft:sugar_cane":1,"minecraft:oak_planks":47,"minecraft:diorite":1,"minecraft:wall_torch":3,"minecraft:seagrass":1,"minecraft:stone_brick_stairs":1,"minecraft:coal_ore":95,"minecraft:sand":6,"minecraft:gravel":9,"minecraft:dirt":31,"minecraft:cobweb":12,"minecraft:stone_bricks":1,"minecraft:netherrack":50,"minecraft:gold_ore":2,"minecraft:deepslate":159,"minecraft:fern":1},"minecraft:crafted":{"minecraft:furnace":2,"minecraft:cooked_mutton":4,"minecraft:flint_and_steel":1,"minecraft:iron_boots":1,"minecraft:iron_axe":1,"minecraft:stone_pickaxe":2,"minecraft:chest":1,"minecraft:golden_boots":1,"minecraft:cooked_porkchop":2,"minecraft:crafting_table":6,"minecraft:wooden_pickaxe":1,"minecraft:iron_helmet":1,"minecraft:iron_sword":1,"minecraft:bucket":2,"minecraft:stone_axe":1,"minecraft:bread":1,"minecraft:air":0,"minecraft:jungle_planks":60,"minecraft:oak_boat":1,"minecraft:jungle_door":3,"minecraft:white_wool":3,"minecraft:iron_chestplate":1,"minecraft:diamond_pickaxe":1,"minecraft:shield":1,"minecraft:stick":72,"minecraft:iron_ingot":64,"minecraft:iron_pickaxe":2,"minecraft:stone_sword":1,"minecraft:iron_leggings":1,"minecraft:gold_ingot":4,"minecraft:white_bed":1,"minecraft:torch":240},"minecraft:broken":{"minecraft:stone_pickaxe":1,"minecraft:iron_pickaxe":1}},"DataVersion":4082}