{"stats":{"minecraft:custom":{"minecraft:time_since_rest":29744,"minecraft:interact_with_furnace":5,"minecraft:sprint_one_cm":24901,"minecraft:damage_taken":235,"minecraft:walk_one_cm":95375,"minecraft:damage_blocked_by_shield":205,"minecraft:mob_kills":5,"minecraft:drop":1,"minecraft:damage_dealt":830,"minecraft:swim_one_cm":25128,"minecraft:interact_with_crafting_table":8,"minecraft:fly_one_cm":18478,"minecraft:open_chest":1,"minecraft:crouch_one_cm":3475,"minecraft:play_time":29744,"minecraft:sneak_time":2353,"minecraft:walk_under_water_one_cm":3547,"minecraft:jump":384,"minecraft:leave_game":1,"minecraft:walk_on_water_one_cm":9037,"minecraft:time_since_death":29744,"minecraft:climb_one_cm":789,"minecraft:total_world_time":29744,"minecraft:fall_one_cm":6246},"minecraft:mined":{"minecraft:seagrass":1,"minecraft:tall_seagrass":2,"minecraft:furnace":2,"minecraft:iron_ore":54,"minecraft:andesite":25,"minecraft:torch":1,"minecraft:crafting_table":2,"minecraft:granite":4,"minecraft:short_grass":2,"minecraft:grass_block":3,"minecraft:coal_ore":36,"minecraft:melon":6,"minecraft:vine":3,"minecraft:jungle_log":8,"minecraft:dirt":15,"minecraft:cobweb":1,"minecraft:stone":96,"minecraft:oak_planks":20,"minecraft:sugar_cane":1,"minecraft:diorite":1,"minecraft:fern":1},"minecraft:used":{"minecraft:stone_sword":4,"minecraft:melon_slice":14,"minecraft:stone_pickaxe":215,"minecraft:shield":8,"minecraft:wooden_pickaxe":4,"minecraft:stone_axe":29,"minecraft:torch":38,"minecraft:dirt":6,"minecraft:cobblestone":50,"minecraft:crafting_table":4,"minecraft:furnace":3,"minecraft:bucket":1,"minecraft:andesite":23},"minecraft:picked_up":{"minecraft:cocoa_beans":4,"minecraft:raw_iron":86,"minecraft:crafting_table":2,"minecraft:jungle_log":7,"minecraft:andesite":25,"minecraft:torch":2,"minecraft:diorite":1,"minecraft:string":1,"minecraft:dirt":18,"minecraft:bone":4,"minecraft:arrow":2,"minecraft:granite":4,"minecraft:melon_slice":29,"minecraft:sugar_cane":2,"minecraft:oak_planks":18,"minecraft:coal":50,"minecraft:cobblestone":94,"minecraft:furnace":2},"minecraft:killed":{"minecraft:skeleton":4,"minecraft:zombie":1},"minecraft:broken":{"minecraft:stone_pickaxe":1},"minecraft:crafted":{"minecraft:shield":1,"minecraft:crafting_table":2,"minecraft:stick":20,"minecraft:iron_ingot":9,"minecraft:wooden_pickaxe":1,"minecraft:stone_pickaxe":2,"minecraft:stone_sword":1,"minecraft:furnace":1,"minecraft:torch":32,"minecraft:stone_axe":1,"minecraft:bread":1,"minecraft:air":0,"minecraft:jungle_planks":28},"minecraft:dropped":{"minecraft:wooden_pickaxe":1}},"DataVersion":4082}