{"stats":{"minecraft:custom":{"minecraft:interact_with_furnace":13,"minecraft:mob_kills":15,"minecraft:interact_with_crafting_table":18,"minecraft:leave_game":1,"minecraft:time_since_death":53744,"minecraft:climb_one_cm":789,"minecraft:time_since_rest":53744,"minecraft:sprint_one_cm":108134,"minecraft:damage_taken":401,"minecraft:walk_one_cm":206871,"minecraft:damage_blocked_by_shield":423,"minecraft:drop":4,"minecraft:damage_dealt":2812,"minecraft:swim_one_cm":25128,"minecraft:fly_one_cm":49899,"minecraft:open_chest":1,"minecraft:crouch_one_cm":6034,"minecraft:play_time":53744,"minecraft:sneak_time":3206,"minecraft:walk_under_water_one_cm":6549,"minecraft:jump":718,"minecraft:walk_on_water_one_cm":12427,"minecraft:total_world_time":53744,"minecraft:fall_one_cm":9220},"minecraft:mined":{"minecraft:deepslate_diamond_ore":5,"minecraft:crafting_table":4,"minecraft:torch":2,"minecraft:cave_vines_plant":5,"minecraft:granite":5,"minecraft:short_grass":2,"minecraft:grass_block":3,"minecraft:melon":6,"minecraft:jungle_log":8,"minecraft:sugar_cane":1,"minecraft:oak_planks":41,"minecraft:diorite":1,"minecraft:spawner":1,"minecraft:seagrass":1,"minecraft:tall_seagrass":2,"minecraft:furnace":3,"minecraft:iron_ore":65,"minecraft:andesite":25,"minecraft:coal_ore":48,"minecraft:vine":3,"minecraft:dirt":15,"minecraft:cobweb":12,"minecraft:stone":121,"minecraft:gold_ore":2,"minecraft:deepslate":5,"minecraft:fern":1},"minecraft:used":{"minecraft:water_bucket":3,"minecraft:stone_sword":8,"minecraft:stone_pickaxe":224,"minecraft:wooden_pickaxe":4,"minecraft:shield":11,"minecraft:iron_sword":35,"minecraft:iron_chestplate":1,"minecraft:glow_berries":2,"minecraft:torch":130,"minecraft:dirt":18,"minecraft:crafting_table":6,"minecraft:iron_axe":4,"minecraft:melon_slice":20,"minecraft:bread":4,"minecraft:iron_pickaxe":54,"minecraft:stone_axe":52,"minecraft:cobblestone":98,"minecraft:furnace":3,"minecraft:andesite":23,"minecraft:bucket":6},"minecraft:killed":{"minecraft:spider":2,"minecraft:creeper":1,"minecraft:skeleton":6,"minecraft:zombie":6},"minecraft:picked_up":{"minecraft:cocoa_beans":4,"minecraft:crafting_table":4,"minecraft:andesite":25,"minecraft:jungle_log":7,"minecraft:gunpowder":2,"minecraft:dirt":18,"minecraft:string":12,"minecraft:bone":7,"minecraft:cobbled_deepslate":5,"minecraft:raw_gold":2,"minecraft:iron_ingot":3,"minecraft:sugar_cane":2,"minecraft:melon_slice":29,"minecraft:oak_planks":41,"minecraft:furnace":3,"minecraft:raw_iron":97,"minecraft:torch":4,"minecraft:diorite":1,"minecraft:arrow":3,"minecraft:rotten_flesh":5,"minecraft:diamond":5,"minecraft:granite":5,"minecraft:glow_berries":5,"minecraft:coal":70,"minecraft:cobblestone":122},"minecraft:broken":{"minecraft:stone_pickaxe":1},"minecraft:crafted":{"minecraft:crafting_table":2,"minecraft:wooden_pickaxe":1,"minecraft:iron_helmet":1,"minecraft:iron_sword":1,"minecraft:furnace":1,"minecraft:bucket":2,"minecraft:stone_axe":1,"minecraft:bread":1,"minecraft:air":0,"minecraft:jungle_planks":28,"minecraft:iron_chestplate":1,"minecraft:iron_boots":1,"minecraft:shield":1,"minecraft:iron_axe":1,"minecraft:stick":56,"minecraft:iron_ingot":52,"minecraft:iron_pickaxe":1,"minecraft:stone_pickaxe":2,"minecraft:stone_sword":1,"minecraft:iron_leggings":1,"minecraft:torch":136},"minecraft:dropped":{"minecraft:stone_axe":1,"minecraft:stone_sword":1,"minecraft:stone_pickaxe":1,"minecraft:wooden_pickaxe":1}},"DataVersion":4082}