{"stats":{"minecraft:custom":{"minecraft:interact_with_furnace":10,"minecraft:mob_kills":43,"minecraft:interact_with_crafting_table":22,"minecraft:leave_game":1,"minecraft:time_since_death":20631,"minecraft:climb_one_cm":5990,"minecraft:time_since_rest":20665,"minecraft:sprint_one_cm":151469,"minecraft:damage_taken":1460,"minecraft:walk_one_cm":192859,"minecraft:damage_blocked_by_shield":115,"minecraft:drop":2,"minecraft:damage_dealt":5462,"minecraft:swim_one_cm":50861,"minecraft:fly_one_cm":308608,"minecraft:open_chest":24,"minecraft:deaths":1,"minecraft:crouch_one_cm":8636,"minecraft:play_time":106690,"minecraft:sneak_time":4075,"minecraft:walk_under_water_one_cm":15133,"minecraft:boat_one_cm":338904,"minecraft:jump":1800,"minecraft:walk_on_water_one_cm":42689,"minecraft:total_world_time":106690,"minecraft:fall_one_cm":46258},"minecraft:mined":{"minecraft:blackstone":13,"minecraft:kelp_plant":10,"minecraft:basalt":25,"minecraft:jungle_leaves":2,"minecraft:crafting_table":2,"minecraft:granite":3,"minecraft:short_grass":19,"minecraft:red_sand":1,"minecraft:chest":1,"minecraft:grass_block":6,"minecraft:melon":17,"minecraft:dead_bush":1,"minecraft:jungle_log":15,"minecraft:copper_ore":11,"minecraft:cobblestone":24,"minecraft:red_mushroom":1,"minecraft:oak_planks":4,"minecraft:kelp":1,"minecraft:sugar_cane":17,"minecraft:diorite":22,"minecraft:sandstone":2,"minecraft:wall_torch":2,"minecraft:tall_seagrass":1,"minecraft:magma_block":8,"minecraft:glowstone":21,"minecraft:fire":1,"minecraft:iron_ore":8,"minecraft:oak_log":5,"minecraft:coal_ore":38,"minecraft:vine":6,"minecraft:cocoa":5,"minecraft:gravel":13,"minecraft:sand":45,"minecraft:dirt":17,"minecraft:brown_terracotta":1,"minecraft:bamboo":7,"minecraft:raw_copper_block":1,"minecraft:stone":202,"minecraft:netherrack":1,"minecraft:fern":10},"minecraft:used":{"minecraft:water_bucket":9,"minecraft:stone_sword":152,"minecraft:stone_shovel":45,"minecraft:stone_pickaxe":354,"minecraft:oak_planks":15,"minecraft:shield":4,"minecraft:chest":2,"minecraft:wooden_pickaxe":19,"minecraft:cooked_chicken":3,"minecraft:sugar_cane":13,"minecraft:cooked_salmon":4,"minecraft:rotten_flesh":3,"minecraft:jungle_boat":2,"minecraft:torch":19,"minecraft:dirt":14,"minecraft:sand":12,"minecraft:cocoa_beans":14,"minecraft:crafting_table":3,"minecraft:white_bed":1,"minecraft:lava_bucket":23,"minecraft:melon_slice":54,"minecraft:basalt":9,"minecraft:stone_axe":33,"minecraft:cobblestone":128,"minecraft:furnace":1,"minecraft:bucket":33,"minecraft:golden_pickaxe":32},"minecraft:killed":{"minecraft:armadillo":3,"minecraft:pig":3,"minecraft:salmon":9,"minecraft:spider":3,"minecraft:skeleton":1,"minecraft:sheep":2,"minecraft:zombie":11,"minecraft:chicken":6,"minecraft:drowned":1,"minecraft:cow":3,"minecraft:enderman":1},"minecraft:picked_up":{"minecraft:cocoa_beans":15,"minecraft:magma_block":8,"minecraft:crafting_table":2,"minecraft:feather":3,"minecraft:basalt":33,"minecraft:chicken":6,"minecraft:jungle_log":16,"minecraft:salmon":9,"minecraft:leather":2,"minecraft:red_mushroom":1,"minecraft:flint":1,"minecraft:oak_log":5,"minecraft:string":15,"minecraft:dirt":23,"minecraft:raw_copper":40,"minecraft:stone_bricks":1,"minecraft:bone":1,"minecraft:blackstone":13,"minecraft:kelp":76,"minecraft:wheat_seeds":6,"minecraft:beef":8,"minecraft:chest":1,"minecraft:jungle_sapling":2,"minecraft:bamboo":70,"minecraft:sugar_cane":36,"minecraft:melon_slice":86,"minecraft:oak_planks":4,"minecraft:raw_copper_block":1,"minecraft:stick":7,"minecraft:raw_iron":8,"minecraft:sandstone":2,"minecraft:brown_terracotta":1,"minecraft:torch":2,"minecraft:gravel":12,"minecraft:porkchop":5,"minecraft:sand":46,"minecraft:diorite":22,"minecraft:grass_block":1,"minecraft:spider_eye":2,"minecraft:bundle":1,"minecraft:arrow":1,"minecraft:stone_sword":2,"minecraft:rotten_flesh":10,"minecraft:armadillo_scute":2,"minecraft:granite":3,"minecraft:bone_meal":1,"minecraft:glowstone":19,"minecraft:oak_sapling":1,"minecraft:netherrack":5,"minecraft:mutton":3,"minecraft:coal":38,"minecraft:white_wool":5,"minecraft:cobblestone":223,"minecraft:ender_pearl":1},"minecraft:broken":{"minecraft:stone_pickaxe":2},"minecraft:crafted":{"minecraft:oak_planks":20,"minecraft:stone_shovel":1,"minecraft:crafting_table":2,"minecraft:jungle_boat":2,"minecraft:wooden_pickaxe":1,"minecraft:cooked_chicken":3,"minecraft:furnace":1,"minecraft:cooked_salmon":4,"minecraft:jungle_trapdoor":2,"minecraft:bucket":1,"minecraft:stone_axe":2,"minecraft:air":0,"minecraft:jungle_planks":64,"minecraft:paper":3,"minecraft:raw_copper":9,"minecraft:shield":1,"minecraft:stick":24,"minecraft:iron_ingot":6,"minecraft:stone_pickaxe":4,"minecraft:white_bed":1,"minecraft:stone_sword":2,"minecraft:chest":2,"minecraft:bundle":2,"minecraft:torch":24,"minecraft:shears":1},"minecraft:dropped":{"minecraft:wheat_seeds":1,"minecraft:stone_sword":1}},"DataVersion":4082}