{"stats":{"minecraft:custom":{"minecraft:mob_kills":73,"minecraft:interact_with_crafting_table":42,"minecraft:leave_game":2,"minecraft:time_since_death":128873,"minecraft:climb_one_cm":13046,"minecraft:sprint_one_cm":316129,"minecraft:walk_one_cm":430382,"minecraft:damage_blocked_by_shield":345,"minecraft:drop":2,"minecraft:play_time":214932,"minecraft:deaths":1,"minecraft:sneak_time":7636,"minecraft:walk_under_water_one_cm":18114,"minecraft:boat_one_cm":338904,"minecraft:jump":3238,"minecraft:walk_on_water_one_cm":54446,"minecraft:total_world_time":214932,"minecraft:interact_with_furnace":29,"minecraft:interact_with_cartography_table":5,"minecraft:sleep_in_bed":1,"minecraft:time_since_rest":9649,"minecraft:damage_taken":2714,"minecraft:damage_dealt":11207,"minecraft:swim_one_cm":60852,"minecraft:fly_one_cm":493327,"minecraft:open_chest":108,"minecraft:crouch_one_cm":18346,"minecraft:fall_one_cm":77418},"minecraft:used":{"minecraft:stone_sword":274,"minecraft:stone_shovel":45,"minecraft:dried_kelp":1,"minecraft:chest":4,"minecraft:shield":13,"minecraft:stone_hoe":20,"minecraft:cooked_salmon":9,"minecraft:cooked_chicken":6,"minecraft:rotten_flesh":21,"minecraft:torch":52,"minecraft:dirt":36,"minecraft:cocoa_beans":26,"minecraft:jungle_planks":36,"minecraft:lava_bucket":26,"minecraft:basalt":9,"minecraft:furnace":1,"minecraft:cobbled_deepslate":7,"minecraft:wheat_seeds":6,"minecraft:cooked_mutton":3,"minecraft:water_bucket":10,"minecraft:stone_pickaxe":676,"minecraft:cartography_table":1,"minecraft:oak_planks":15,"minecraft:wooden_pickaxe":19,"minecraft:sugar_cane":13,"minecraft:jungle_boat":2,"minecraft:sand":12,"minecraft:crafting_table":3,"minecraft:white_bed":1,"minecraft:map":1,"minecraft:melon_slice":83,"minecraft:iron_pickaxe":19,"minecraft:stone_axe":113,"minecraft:cobblestone":153,"minecraft:bucket":38,"minecraft:golden_pickaxe":32},"minecraft:picked_up":{"minecraft:cocoa_beans":51,"minecraft:crafting_table":2,"minecraft:chicken":6,"minecraft:string":26,"minecraft:raw_copper":176,"minecraft:sticky_piston":3,"minecraft:blackstone":13,"minecraft:cobbled_deepslate":153,"minecraft:beef":8,"minecraft:jungle_sapling":3,"minecraft:chest":3,"minecraft:melon_slice":215,"minecraft:sugar_cane":81,"minecraft:raw_copper_block":3,"minecraft:raw_iron":22,"minecraft:stick":9,"minecraft:sandstone":2,"minecraft:brown_terracotta":1,"minecraft:torch":12,"minecraft:porkchop":5,"minecraft:diorite":33,"minecraft:redstone":56,"minecraft:rotten_flesh":23,"minecraft:stone_sword":2,"minecraft:arrow":20,"minecraft:armadillo_scute":2,"minecraft:glowstone":19,"minecraft:mutton":6,"minecraft:white_wool":8,"minecraft:cobblestone":280,"minecraft:magma_block":8,"minecraft:feather":3,"minecraft:basalt":33,"minecraft:repeater":1,"minecraft:tripwire_hook":4,"minecraft:jungle_log":53,"minecraft:salmon":9,"minecraft:leather":2,"minecraft:red_mushroom":1,"minecraft:flint":2,"minecraft:oak_log":5,"minecraft:gunpowder":1,"minecraft:dirt":37,"minecraft:cooked_mutton":2,"minecraft:bone":9,"minecraft:apple":1,"minecraft:stone_bricks":1,"minecraft:kelp":76,"minecraft:wheat_seeds":74,"minecraft:raw_gold":5,"minecraft:bamboo":70,"minecraft:oak_planks":4,"minecraft:gravel":13,"minecraft:jungle_planks":6,"minecraft:sand":90,"minecraft:grass_block":3,"minecraft:spider_eye":4,"minecraft:mossy_cobblestone":6,"minecraft:bundle":1,"minecraft:dispenser":2,"minecraft:diamond":5,"minecraft:lever":3,"minecraft:granite":3,"minecraft:bone_meal":1,"minecraft:oak_sapling":5,"minecraft:coal":38,"minecraft:netherrack":5,"minecraft:ender_pearl":2},"minecraft:killed":{"minecraft:armadillo":3,"minecraft:spider":7,"minecraft:skeleton":7,"minecraft:chicken":6,"minecraft:drowned":1,"minecraft:pig":3,"minecraft:salmon":9,"minecraft:creeper":2,"minecraft:sheep":5,"minecraft:zombie":25,"minecraft:cow":3,"minecraft:enderman":2},"minecraft:dropped":{"minecraft:wheat_seeds":1,"minecraft:stone_sword":1},"minecraft:mined":{"minecraft:mossy_cobblestone":6,"minecraft:deepslate_diamond_ore":5,"minecraft:jungle_leaves":3,"minecraft:lever":3,"minecraft:granite":3,"minecraft:red_sand":1,"minecraft:grass_block":11,"minecraft:jungle_planks":6,"minecraft:jungle_log":54,"minecraft:redstone_wire":15,"minecraft:red_mushroom":1,"minecraft:kelp":1,"minecraft:sandstone":2,"minecraft:tall_seagrass":1,"minecraft:magma_block":8,"minecraft:glowstone":21,"minecraft:sticky_piston":2,"minecraft:iron_ore":22,"minecraft:fire":1,"minecraft:vine":9,"minecraft:bamboo":7,"minecraft:stone":256,"minecraft:tripwire":5,"minecraft:piston_head":1,"minecraft:deepslate_redstone_ore":9,"minecraft:blackstone":13,"minecraft:kelp_plant":10,"minecraft:basalt":25,"minecraft:crafting_table":2,"minecraft:short_grass":429,"minecraft:melon":42,"minecraft:chest":3,"minecraft:dead_bush":1,"minecraft:copper_ore":50,"minecraft:cobblestone":27,"minecraft:deepslate_gold_ore":5,"minecraft:sugar_cane":54,"minecraft:oak_planks":4,"minecraft:diorite":33,"minecraft:wall_torch":4,"minecraft:repeater":1,"minecraft:oak_log":5,"minecraft:coal_ore":38,"minecraft:cocoa":17,"minecraft:gravel":15,"minecraft:sand":58,"minecraft:dirt":20,"minecraft:brown_terracotta":1,"minecraft:tripwire_hook":4,"minecraft:raw_copper_block":3,"minecraft:dispenser":2,"minecraft:netherrack":1,"minecraft:deepslate":158,"minecraft:oak_leaves":37,"minecraft:fern":126},"minecraft:crafted":{"minecraft:oak_planks":20,"minecraft:stone_shovel":1,"minecraft:cooked_chicken":6,"minecraft:furnace":1,"minecraft:jungle_trapdoor":2,"minecraft:raw_copper_block":19,"minecraft:cooked_mutton":3,"minecraft:bow":1,"minecraft:raw_copper":9,"minecraft:melon_seeds":10,"minecraft:stone_pickaxe":6,"minecraft:chest":2,"minecraft:bundle":2,"minecraft:dried_kelp_block":7,"minecraft:stone_hoe":1,"minecraft:map":1,"minecraft:crafting_table":2,"minecraft:jungle_boat":2,"minecraft:dried_kelp":64,"minecraft:wooden_pickaxe":1,"minecraft:cooked_salmon":9,"minecraft:bucket":2,"minecraft:stone_axe":2,"minecraft:air":0,"minecraft:cartography_table":1,"minecraft:jungle_planks":124,"minecraft:diamond_pickaxe":1,"minecraft:paper":15,"minecraft:shield":2,"minecraft:stick":40,"minecraft:compass":1,"minecraft:iron_ingot":20,"minecraft:iron_pickaxe":1,"minecraft:stone_sword":3,"minecraft:gold_ingot":5,"minecraft:white_bed":1,"minecraft:torch":48,"minecraft:shears":1},"minecraft:broken":{"minecraft:stone_pickaxe":4}},"DataVersion":4082}