{"stats":{"minecraft:custom":{"minecraft:interact_with_furnace":19,"minecraft:mob_kills":56,"minecraft:interact_with_crafting_table":26,"minecraft:leave_game":1,"minecraft:time_since_death":38631,"minecraft:climb_one_cm":7184,"minecraft:time_since_rest":38665,"minecraft:sprint_one_cm":185431,"minecraft:damage_taken":1949,"minecraft:walk_one_cm":228647,"minecraft:damage_blocked_by_shield":115,"minecraft:drop":2,"minecraft:damage_dealt":8217,"minecraft:swim_one_cm":53836,"minecraft:fly_one_cm":348721,"minecraft:open_chest":40,"minecraft:play_time":124690,"minecraft:crouch_one_cm":8642,"minecraft:sneak_time":4126,"minecraft:deaths":1,"minecraft:walk_under_water_one_cm":17326,"minecraft:boat_one_cm":338904,"minecraft:jump":2072,"minecraft:walk_on_water_one_cm":48838,"minecraft:total_world_time":124690,"minecraft:fall_one_cm":50874},"minecraft:picked_up":{"minecraft:cocoa_beans":51,"minecraft:crafting_table":2,"minecraft:magma_block":8,"minecraft:feather":3,"minecraft:basalt":33,"minecraft:chicken":6,"minecraft:salmon":9,"minecraft:jungle_log":44,"minecraft:leather":2,"minecraft:red_mushroom":1,"minecraft:flint":1,"minecraft:oak_log":5,"minecraft:string":19,"minecraft:dirt":23,"minecraft:raw_copper":40,"minecraft:bone":3,"minecraft:blackstone":13,"minecraft:stone_bricks":1,"minecraft:kelp":76,"minecraft:wheat_seeds":6,"minecraft:beef":8,"minecraft:jungle_sapling":3,"minecraft:bamboo":70,"minecraft:melon_slice":86,"minecraft:sugar_cane":48,"minecraft:chest":1,"minecraft:oak_planks":4,"minecraft:raw_copper_block":1,"minecraft:stick":7,"minecraft:raw_iron":8,"minecraft:sandstone":2,"minecraft:brown_terracotta":1,"minecraft:torch":2,"minecraft:gravel":12,"minecraft:porkchop":5,"minecraft:sand":59,"minecraft:diorite":22,"minecraft:grass_block":2,"minecraft:spider_eye":4,"minecraft:bundle":1,"minecraft:stone_sword":2,"minecraft:arrow":3,"minecraft:rotten_flesh":16,"minecraft:granite":3,"minecraft:armadillo_scute":2,"minecraft:bone_meal":1,"minecraft:glowstone":19,"minecraft:oak_sapling":4,"minecraft:netherrack":5,"minecraft:mutton":3,"minecraft:coal":38,"minecraft:white_wool":5,"minecraft:cobblestone":223,"minecraft:ender_pearl":2},"minecraft:used":{"minecraft:cooked_mutton":3,"minecraft:water_bucket":9,"minecraft:stone_sword":207,"minecraft:stone_pickaxe":354,"minecraft:stone_shovel":45,"minecraft:oak_planks":15,"minecraft:chest":2,"minecraft:wooden_pickaxe":19,"minecraft:shield":4,"minecraft:cooked_salmon":7,"minecraft:sugar_cane":13,"minecraft:cooked_chicken":6,"minecraft:rotten_flesh":3,"minecraft:jungle_boat":2,"minecraft:sand":12,"minecraft:cocoa_beans":26,"minecraft:torch":19,"minecraft:dirt":14,"minecraft:crafting_table":3,"minecraft:white_bed":1,"minecraft:lava_bucket":23,"minecraft:melon_slice":54,"minecraft:basalt":9,"minecraft:stone_axe":98,"minecraft:cobblestone":128,"minecraft:furnace":1,"minecraft:bucket":33,"minecraft:golden_pickaxe":32},"minecraft:killed":{"minecraft:armadillo":3,"minecraft:pig":3,"minecraft:salmon":9,"minecraft:spider":6,"minecraft:creeper":1,"minecraft:skeleton":3,"minecraft:sheep":2,"minecraft:zombie":18,"minecraft:chicken":6,"minecraft:drowned":1,"minecraft:enderman":1,"minecraft:cow":3},"minecraft:dropped":{"minecraft:wheat_seeds":1,"minecraft:stone_sword":1},"minecraft:mined":{"minecraft:blackstone":13,"minecraft:kelp_plant":10,"minecraft:basalt":25,"minecraft:jungle_leaves":2,"minecraft:crafting_table":2,"minecraft:granite":3,"minecraft:short_grass":22,"minecraft:red_sand":1,"minecraft:grass_block":6,"minecraft:melon":17,"minecraft:chest":1,"minecraft:jungle_log":45,"minecraft:dead_bush":1,"minecraft:copper_ore":11,"minecraft:cobblestone":24,"minecraft:sandstone":2,"minecraft:kelp":1,"minecraft:oak_planks":4,"minecraft:sugar_cane":29,"minecraft:red_mushroom":1,"minecraft:diorite":22,"minecraft:wall_torch":2,"minecraft:tall_seagrass":1,"minecraft:magma_block":8,"minecraft:glowstone":21,"minecraft:iron_ore":8,"minecraft:fire":1,"minecraft:cocoa":17,"minecraft:coal_ore":38,"minecraft:oak_log":5,"minecraft:vine":8,"minecraft:gravel":13,"minecraft:sand":45,"minecraft:dirt":17,"minecraft:brown_terracotta":1,"minecraft:bamboo":7,"minecraft:raw_copper_block":1,"minecraft:stone":202,"minecraft:netherrack":1,"minecraft:oak_leaves":32,"minecraft:fern":10},"minecraft:crafted":{"minecraft:oak_planks":20,"minecraft:stone_shovel":1,"minecraft:crafting_table":2,"minecraft:jungle_boat":2,"minecraft:cooked_chicken":6,"minecraft:wooden_pickaxe":1,"minecraft:furnace":1,"minecraft:cooked_salmon":9,"minecraft:jungle_trapdoor":2,"minecraft:bucket":1,"minecraft:stone_axe":2,"minecraft:cooked_mutton":3,"minecraft:air":0,"minecraft:jungle_planks":124,"minecraft:bow":1,"minecraft:paper":3,"minecraft:raw_copper":9,"minecraft:shield":1,"minecraft:stick":28,"minecraft:iron_ingot":6,"minecraft:stone_pickaxe":4,"minecraft:stone_sword":3,"minecraft:chest":2,"minecraft:white_bed":1,"minecraft:bundle":2,"minecraft:torch":24,"minecraft:shears":1},"minecraft:broken":{"minecraft:stone_pickaxe":2}},"DataVersion":4082}