{"stats":{"minecraft:custom":{"minecraft:time_since_rest":16177,"minecraft:interact_with_furnace":3,"minecraft:sprint_one_cm":16577,"minecraft:damage_taken":255,"minecraft:walk_one_cm":36447,"minecraft:mob_kills":10,"minecraft:drop":1,"minecraft:damage_dealt":850,"minecraft:swim_one_cm":4637,"minecraft:interact_with_crafting_table":5,"minecraft:fly_one_cm":35936,"minecraft:crouch_one_cm":439,"minecraft:play_time":16177,"minecraft:sneak_time":884,"minecraft:walk_under_water_one_cm":4633,"minecraft:jump":250,"minecraft:walk_on_water_one_cm":8704,"minecraft:time_since_death":16177,"minecraft:climb_one_cm":2797,"minecraft:total_world_time":16177,"minecraft:fall_one_cm":7283},"minecraft:mined":{"minecraft:short_grass":3,"minecraft:grass_block":6,"minecraft:coal_ore":23,"minecraft:cocoa":5,"minecraft:vine":6,"minecraft:jungle_log":11,"minecraft:gravel":13,"minecraft:sand":30,"minecraft:dirt":17,"minecraft:copper_ore":8,"minecraft:stone":88,"minecraft:sugar_cane":1,"minecraft:diorite":8,"minecraft:sandstone":2,"minecraft:fern":2},"minecraft:used":{"minecraft:stone_sword":20,"minecraft:stone_shovel":45,"minecraft:stone_pickaxe":132,"minecraft:wooden_pickaxe":19,"minecraft:cooked_salmon":3,"minecraft:sugar_cane":2,"minecraft:rotten_flesh":3,"minecraft:torch":2,"minecraft:sand":12,"minecraft:dirt":14,"minecraft:cocoa_beans":14,"minecraft:crafting_table":1,"minecraft:furnace":1},"minecraft:killed":{"minecraft:zombie":3,"minecraft:chicken":3,"minecraft:salmon":4},"minecraft:picked_up":{"minecraft:cocoa_beans":15,"minecraft:stick":1,"minecraft:sandstone":2,"minecraft:feather":2,"minecraft:chicken":3,"minecraft:salmon":4,"minecraft:jungle_log":12,"minecraft:gravel":12,"minecraft:flint":1,"minecraft:sand":30,"minecraft:diorite":8,"minecraft:dirt":23,"minecraft:raw_copper":29,"minecraft:stone_sword":1,"minecraft:rotten_flesh":3,"minecraft:bone_meal":1,"minecraft:jungle_sapling":1,"minecraft:sugar_cane":2,"minecraft:coal":23,"minecraft:cobblestone":87},"minecraft:broken":{"minecraft:stone_pickaxe":1},"minecraft:crafted":{"minecraft:stone_shovel":1,"minecraft:crafting_table":1,"minecraft:stick":12,"minecraft:wooden_pickaxe":1,"minecraft:stone_pickaxe":1,"minecraft:stone_sword":1,"minecraft:cooked_salmon":4,"minecraft:furnace":1,"minecraft:torch":8,"minecraft:stone_axe":1,"minecraft:air":0,"minecraft:jungle_planks":48},"minecraft:dropped":{"minecraft:stone_sword":1}},"DataVersion":4082}