{"stats":{"minecraft:custom":{"minecraft:time_since_rest":4177,"minecraft:crouch_one_cm":81,"minecraft:play_time":4177,"minecraft:sprint_one_cm":4297,"minecraft:damage_taken":20,"minecraft:walk_one_cm":5025,"minecraft:sneak_time":730,"minecraft:jump":41,"minecraft:damage_dealt":10,"minecraft:time_since_death":4177,"minecraft:walk_on_water_one_cm":92,"minecraft:total_world_time":4177,"minecraft:climb_one_cm":684,"minecraft:interact_with_crafting_table":3,"minecraft:fall_one_cm":1822,"minecraft:fly_one_cm":6283},"minecraft:mined":{"minecraft:grass_block":2,"minecraft:coal_ore":4,"minecraft:jungle_log":11,"minecraft:dirt":8,"minecraft:stone":23,"minecraft:sandstone":2},"minecraft:used":{"minecraft:crafting_table":1,"minecraft:stone_pickaxe":20,"minecraft:wooden_pickaxe":19},"minecraft:picked_up":{"minecraft:sandstone":2,"minecraft:stick":1,"minecraft:jungle_log":12,"minecraft:coal":4,"minecraft:dirt":10,"minecraft:cobblestone":22},"minecraft:crafted":{"minecraft:stone_sword":1,"minecraft:stone_axe":1,"minecraft:crafting_table":1,"minecraft:stick":8,"minecraft:stone_pickaxe":1,"minecraft:wooden_pickaxe":1,"minecraft:jungle_planks":48}},"DataVersion":4082}