{"stats":{"minecraft:custom":{"minecraft:mob_kills":63,"minecraft:interact_with_crafting_table":28,"minecraft:leave_game":1,"minecraft:time_since_death":50631,"minecraft:climb_one_cm":7655,"minecraft:sprint_one_cm":213864,"minecraft:walk_one_cm":263169,"minecraft:damage_blocked_by_shield":115,"minecraft:drop":2,"minecraft:play_time":136690,"minecraft:deaths":1,"minecraft:sneak_time":4220,"minecraft:walk_under_water_one_cm":17557,"minecraft:boat_one_cm":338904,"minecraft:jump":2282,"minecraft:walk_on_water_one_cm":50437,"minecraft:total_world_time":136690,"minecraft:interact_with_furnace":20,"minecraft:time_since_rest":50665,"minecraft:damage_taken":2357,"minecraft:damage_dealt":9601,"minecraft:swim_one_cm":53836,"minecraft:fly_one_cm":380131,"minecraft:open_chest":46,"minecraft:crouch_one_cm":8667,"minecraft:fall_one_cm":55631},"minecraft:used":{"minecraft:stone_sword":237,"minecraft:stone_shovel":45,"minecraft:chest":2,"minecraft:shield":4,"minecraft:cooked_salmon":9,"minecraft:cooked_chicken":6,"minecraft:rotten_flesh":15,"minecraft:torch":19,"minecraft:dirt":14,"minecraft:cocoa_beans":26,"minecraft:jungle_planks":7,"minecraft:lava_bucket":23,"minecraft:basalt":9,"minecraft:furnace":1,"minecraft:cooked_mutton":3,"minecraft:water_bucket":9,"minecraft:stone_pickaxe":383,"minecraft:oak_planks":15,"minecraft:wooden_pickaxe":19,"minecraft:sugar_cane":13,"minecraft:jungle_boat":2,"minecraft:sand":12,"minecraft:crafting_table":3,"minecraft:white_bed":1,"minecraft:melon_slice":54,"minecraft:stone_axe":111,"minecraft:cobblestone":128,"minecraft:bucket":33,"minecraft:golden_pickaxe":32},"minecraft:picked_up":{"minecraft:cocoa_beans":51,"minecraft:crafting_table":2,"minecraft:chicken":6,"minecraft:string":21,"minecraft:raw_copper":141,"minecraft:blackstone":13,"minecraft:beef":8,"minecraft:jungle_sapling":3,"minecraft:chest":1,"minecraft:melon_slice":86,"minecraft:sugar_cane":48,"minecraft:raw_copper_block":1,"minecraft:raw_iron":8,"minecraft:stick":9,"minecraft:sandstone":2,"minecraft:brown_terracotta":1,"minecraft:torch":2,"minecraft:porkchop":5,"minecraft:diorite":22,"minecraft:rotten_flesh":19,"minecraft:stone_sword":2,"minecraft:arrow":5,"minecraft:armadillo_scute":2,"minecraft:glowstone":19,"minecraft:mutton":3,"minecraft:white_wool":5,"minecraft:cobblestone":224,"minecraft:magma_block":8,"minecraft:feather":3,"minecraft:basalt":33,"minecraft:jungle_log":53,"minecraft:salmon":9,"minecraft:leather":2,"minecraft:red_mushroom":1,"minecraft:flint":1,"minecraft:oak_log":5,"minecraft:dirt":29,"minecraft:bone":5,"minecraft:apple":1,"minecraft:stone_bricks":1,"minecraft:kelp":76,"minecraft:wheat_seeds":6,"minecraft:bamboo":70,"minecraft:oak_planks":4,"minecraft:gravel":12,"minecraft:jungle_planks":4,"minecraft:sand":78,"minecraft:grass_block":3,"minecraft:spider_eye":4,"minecraft:bundle":1,"minecraft:granite":3,"minecraft:bone_meal":1,"minecraft:oak_sapling":5,"minecraft:coal":38,"minecraft:netherrack":5,"minecraft:ender_pearl":2},"minecraft:killed":{"minecraft:armadillo":3,"minecraft:spider":7,"minecraft:skeleton":4,"minecraft:chicken":6,"minecraft:drowned":1,"minecraft:pig":3,"minecraft:salmon":9,"minecraft:creeper":1,"minecraft:sheep":2,"minecraft:zombie":22,"minecraft:cow":3,"minecraft:enderman":2},"minecraft:dropped":{"minecraft:wheat_seeds":1,"minecraft:stone_sword":1},"minecraft:mined":{"minecraft:jungle_leaves":2,"minecraft:granite":3,"minecraft:red_sand":1,"minecraft:grass_block":6,"minecraft:jungle_planks":4,"minecraft:jungle_log":54,"minecraft:red_mushroom":1,"minecraft:kelp":1,"minecraft:sandstone":2,"minecraft:tall_seagrass":1,"minecraft:magma_block":8,"minecraft:glowstone":21,"minecraft:iron_ore":8,"minecraft:fire":1,"minecraft:vine":8,"minecraft:bamboo":7,"minecraft:stone":203,"minecraft:blackstone":13,"minecraft:kelp_plant":10,"minecraft:basalt":25,"minecraft:crafting_table":2,"minecraft:short_grass":25,"minecraft:melon":17,"minecraft:chest":1,"minecraft:dead_bush":1,"minecraft:copper_ore":39,"minecraft:cobblestone":24,"minecraft:sugar_cane":29,"minecraft:oak_planks":4,"minecraft:diorite":22,"minecraft:wall_torch":2,"minecraft:oak_log":5,"minecraft:coal_ore":38,"minecraft:cocoa":17,"minecraft:gravel":13,"minecraft:sand":45,"minecraft:dirt":17,"minecraft:brown_terracotta":1,"minecraft:raw_copper_block":1,"minecraft:netherrack":1,"minecraft:oak_leaves":32,"minecraft:fern":12},"minecraft:crafted":{"minecraft:oak_planks":20,"minecraft:stone_shovel":1,"minecraft:cooked_chicken":6,"minecraft:furnace":1,"minecraft:jungle_trapdoor":2,"minecraft:raw_copper_block":16,"minecraft:cooked_mutton":3,"minecraft:bow":1,"minecraft:raw_copper":9,"minecraft:stone_pickaxe":4,"minecraft:chest":2,"minecraft:bundle":2,"minecraft:dried_kelp_block":7,"minecraft:crafting_table":2,"minecraft:jungle_boat":2,"minecraft:dried_kelp":64,"minecraft:wooden_pickaxe":1,"minecraft:cooked_salmon":9,"minecraft:bucket":1,"minecraft:stone_axe":2,"minecraft:air":0,"minecraft:jungle_planks":124,"minecraft:paper":3,"minecraft:shield":1,"minecraft:stick":28,"minecraft:iron_ingot":6,"minecraft:stone_sword":3,"minecraft:white_bed":1,"minecraft:torch":24,"minecraft:shears":1},"minecraft:broken":{"minecraft:stone_pickaxe":2}},"DataVersion":4082}