{"stats":{"minecraft:custom":{"minecraft:interact_with_furnace":9,"minecraft:mob_kills":20,"minecraft:interact_with_crafting_table":12,"minecraft:time_since_death":40177,"minecraft:climb_one_cm":4856,"minecraft:time_since_rest":40177,"minecraft:sprint_one_cm":49390,"minecraft:damage_taken":325,"minecraft:walk_one_cm":76997,"minecraft:drop":1,"minecraft:damage_dealt":1280,"minecraft:swim_one_cm":48370,"minecraft:fly_one_cm":114829,"minecraft:open_chest":9,"minecraft:crouch_one_cm":443,"minecraft:play_time":40177,"minecraft:sneak_time":953,"minecraft:walk_under_water_one_cm":11237,"minecraft:jump":692,"minecraft:walk_on_water_one_cm":27182,"minecraft:total_world_time":40177,"minecraft:fall_one_cm":17128},"minecraft:mined":{"minecraft:kelp_plant":10,"minecraft:crafting_table":1,"minecraft:granite":3,"minecraft:short_grass":11,"minecraft:grass_block":6,"minecraft:melon":17,"minecraft:jungle_log":11,"minecraft:copper_ore":11,"minecraft:kelp":1,"minecraft:sugar_cane":8,"minecraft:diorite":22,"minecraft:sandstone":2,"minecraft:tall_seagrass":1,"minecraft:iron_ore":6,"minecraft:coal_ore":23,"minecraft:vine":6,"minecraft:cocoa":5,"minecraft:gravel":13,"minecraft:sand":30,"minecraft:dirt":17,"minecraft:bamboo":7,"minecraft:raw_copper_block":1,"minecraft:stone":192,"minecraft:fern":6},"minecraft:used":{"minecraft:water_bucket":3,"minecraft:stone_sword":56,"minecraft:stone_shovel":45,"minecraft:stone_pickaxe":263,"minecraft:chest":2,"minecraft:wooden_pickaxe":19,"minecraft:sugar_cane":13,"minecraft:cooked_salmon":4,"minecraft:rotten_flesh":3,"minecraft:torch":16,"minecraft:dirt":14,"minecraft:sand":12,"minecraft:cocoa_beans":14,"minecraft:crafting_table":2,"minecraft:melon_slice":7,"minecraft:stone_axe":8,"minecraft:furnace":1,"minecraft:bucket":3},"minecraft:killed":{"minecraft:salmon":9,"minecraft:sheep":2,"minecraft:zombie":3,"minecraft:chicken":6},"minecraft:picked_up":{"minecraft:cocoa_beans":15,"minecraft:crafting_table":1,"minecraft:feather":3,"minecraft:chicken":6,"minecraft:jungle_log":12,"minecraft:salmon":9,"minecraft:flint":1,"minecraft:dirt":23,"minecraft:raw_copper":40,"minecraft:kelp":76,"minecraft:wheat_seeds":2,"minecraft:jungle_sapling":1,"minecraft:bamboo":70,"minecraft:sugar_cane":14,"minecraft:melon_slice":86,"minecraft:raw_copper_block":1,"minecraft:stick":1,"minecraft:raw_iron":6,"minecraft:sandstone":2,"minecraft:gravel":12,"minecraft:sand":30,"minecraft:diorite":22,"minecraft:stone_sword":1,"minecraft:rotten_flesh":3,"minecraft:granite":3,"minecraft:bone_meal":1,"minecraft:oak_sapling":1,"minecraft:mutton":3,"minecraft:coal":23,"minecraft:white_wool":2,"minecraft:cobblestone":191},"minecraft:broken":{"minecraft:stone_pickaxe":2},"minecraft:crafted":{"minecraft:stone_shovel":1,"minecraft:crafting_table":1,"minecraft:wooden_pickaxe":1,"minecraft:cooked_chicken":3,"minecraft:furnace":1,"minecraft:cooked_salmon":4,"minecraft:bucket":1,"minecraft:stone_axe":1,"minecraft:air":0,"minecraft:jungle_planks":48,"minecraft:raw_copper":9,"minecraft:shield":1,"minecraft:stick":16,"minecraft:iron_ingot":6,"minecraft:stone_pickaxe":3,"minecraft:stone_sword":1,"minecraft:chest":2,"minecraft:torch":16,"minecraft:shears":1},"minecraft:dropped":{"minecraft:stone_sword":1}},"DataVersion":4082}