{"stats":{"minecraft:custom":{"minecraft:interact_with_furnace":10,"minecraft:mob_kills":43,"minecraft:interact_with_crafting_table":19,"minecraft:time_since_death":2118,"minecraft:climb_one_cm":5339,"minecraft:time_since_rest":2152,"minecraft:sprint_one_cm":125295,"minecraft:damage_taken":1230,"minecraft:walk_one_cm":168587,"minecraft:damage_blocked_by_shield":115,"minecraft:drop":1,"minecraft:damage_dealt":5462,"minecraft:swim_one_cm":50336,"minecraft:fly_one_cm":237529,"minecraft:open_chest":22,"minecraft:deaths":1,"minecraft:crouch_one_cm":3462,"minecraft:play_time":88177,"minecraft:sneak_time":2409,"minecraft:walk_under_water_one_cm":14732,"minecraft:boat_one_cm":152679,"minecraft:jump":1439,"minecraft:walk_on_water_one_cm":40690,"minecraft:total_world_time":88177,"minecraft:fall_one_cm":35229},"minecraft:mined":{"minecraft:blackstone":10,"minecraft:kelp_plant":10,"minecraft:basalt":21,"minecraft:jungle_leaves":2,"minecraft:crafting_table":1,"minecraft:granite":3,"minecraft:short_grass":17,"minecraft:red_sand":1,"minecraft:grass_block":6,"minecraft:melon":17,"minecraft:jungle_log":15,"minecraft:copper_ore":11,"minecraft:cobblestone":22,"minecraft:oak_planks":4,"minecraft:kelp":1,"minecraft:sugar_cane":10,"minecraft:diorite":22,"minecraft:sandstone":2,"minecraft:wall_torch":2,"minecraft:tall_seagrass":1,"minecraft:iron_ore":8,"minecraft:oak_log":5,"minecraft:coal_ore":38,"minecraft:vine":6,"minecraft:cocoa":5,"minecraft:gravel":13,"minecraft:sand":45,"minecraft:dirt":17,"minecraft:brown_terracotta":1,"minecraft:bamboo":7,"minecraft:raw_copper_block":1,"minecraft:stone":202,"minecraft:fern":9},"minecraft:used":{"minecraft:water_bucket":9,"minecraft:stone_sword":146,"minecraft:stone_shovel":45,"minecraft:stone_pickaxe":345,"minecraft:oak_planks":15,"minecraft:shield":4,"minecraft:chest":2,"minecraft:wooden_pickaxe":19,"minecraft:sugar_cane":13,"minecraft:cooked_salmon":4,"minecraft:rotten_flesh":3,"minecraft:jungle_boat":2,"minecraft:torch":19,"minecraft:dirt":14,"minecraft:sand":12,"minecraft:cocoa_beans":14,"minecraft:crafting_table":2,"minecraft:lava_bucket":23,"minecraft:melon_slice":54,"minecraft:basalt":9,"minecraft:stone_axe":31,"minecraft:cobblestone":96,"minecraft:furnace":1,"minecraft:bucket":33},"minecraft:killed":{"minecraft:armadillo":3,"minecraft:pig":3,"minecraft:salmon":9,"minecraft:spider":3,"minecraft:skeleton":1,"minecraft:sheep":2,"minecraft:zombie":11,"minecraft:chicken":6,"minecraft:drowned":1,"minecraft:cow":3,"minecraft:enderman":1},"minecraft:picked_up":{"minecraft:cocoa_beans":15,"minecraft:crafting_table":1,"minecraft:feather":3,"minecraft:basalt":19,"minecraft:chicken":6,"minecraft:jungle_log":16,"minecraft:salmon":9,"minecraft:leather":2,"minecraft:flint":1,"minecraft:oak_log":5,"minecraft:string":3,"minecraft:dirt":23,"minecraft:raw_copper":40,"minecraft:bone":1,"minecraft:blackstone":10,"minecraft:kelp":76,"minecraft:wheat_seeds":4,"minecraft:beef":8,"minecraft:jungle_sapling":2,"minecraft:bamboo":70,"minecraft:sugar_cane":18,"minecraft:melon_slice":86,"minecraft:oak_planks":4,"minecraft:raw_copper_block":1,"minecraft:stick":5,"minecraft:raw_iron":8,"minecraft:sandstone":2,"minecraft:brown_terracotta":1,"minecraft:torch":2,"minecraft:gravel":12,"minecraft:porkchop":5,"minecraft:sand":46,"minecraft:diorite":22,"minecraft:grass_block":1,"minecraft:spider_eye":2,"minecraft:arrow":1,"minecraft:stone_sword":1,"minecraft:rotten_flesh":10,"minecraft:armadillo_scute":1,"minecraft:granite":3,"minecraft:bone_meal":1,"minecraft:oak_sapling":1,"minecraft:mutton":3,"minecraft:coal":38,"minecraft:white_wool":2,"minecraft:cobblestone":223,"minecraft:ender_pearl":1},"minecraft:broken":{"minecraft:stone_pickaxe":2},"minecraft:crafted":{"minecraft:oak_planks":20,"minecraft:stone_shovel":1,"minecraft:crafting_table":1,"minecraft:jungle_boat":2,"minecraft:wooden_pickaxe":1,"minecraft:cooked_chicken":3,"minecraft:furnace":1,"minecraft:cooked_salmon":4,"minecraft:jungle_trapdoor":2,"minecraft:bucket":1,"minecraft:stone_axe":2,"minecraft:air":0,"minecraft:jungle_planks":64,"minecraft:raw_copper":9,"minecraft:shield":1,"minecraft:stick":24,"minecraft:iron_ingot":6,"minecraft:stone_pickaxe":4,"minecraft:stone_sword":2,"minecraft:chest":2,"minecraft:bundle":2,"minecraft:torch":24,"minecraft:shears":1},"minecraft:dropped":{"minecraft:stone_sword":1}},"DataVersion":4082}