{"stats":{"minecraft:custom":{"minecraft:interact_with_furnace":7,"minecraft:mob_kills":10,"minecraft:interact_with_crafting_table":9,"minecraft:time_since_death":28177,"minecraft:climb_one_cm":4298,"minecraft:time_since_rest":28177,"minecraft:sprint_one_cm":28142,"minecraft:damage_taken":295,"minecraft:walk_one_cm":58612,"minecraft:drop":1,"minecraft:damage_dealt":850,"minecraft:swim_one_cm":8908,"minecraft:fly_one_cm":66107,"minecraft:open_chest":3,"minecraft:crouch_one_cm":443,"minecraft:play_time":28177,"minecraft:sneak_time":923,"minecraft:walk_under_water_one_cm":5243,"minecraft:jump":476,"minecraft:walk_on_water_one_cm":18155,"minecraft:total_world_time":28177,"minecraft:fall_one_cm":11329},"minecraft:mined":{"minecraft:crafting_table":1,"minecraft:granite":3,"minecraft:short_grass":8,"minecraft:grass_block":6,"minecraft:melon":17,"minecraft:jungle_log":11,"minecraft:copper_ore":11,"minecraft:sugar_cane":4,"minecraft:diorite":22,"minecraft:sandstone":2,"minecraft:iron_ore":6,"minecraft:coal_ore":23,"minecraft:vine":6,"minecraft:cocoa":5,"minecraft:gravel":13,"minecraft:sand":30,"minecraft:dirt":17,"minecraft:raw_copper_block":1,"minecraft:stone":192,"minecraft:fern":4},"minecraft:used":{"minecraft:stone_sword":24,"minecraft:stone_shovel":45,"minecraft:stone_pickaxe":263,"minecraft:chest":2,"minecraft:wooden_pickaxe":19,"minecraft:sugar_cane":7,"minecraft:cooked_salmon":4,"minecraft:rotten_flesh":3,"minecraft:torch":8,"minecraft:dirt":14,"minecraft:sand":12,"minecraft:cocoa_beans":14,"minecraft:crafting_table":2,"minecraft:stone_axe":1,"minecraft:furnace":1},"minecraft:killed":{"minecraft:salmon":4,"minecraft:zombie":3,"minecraft:chicken":3},"minecraft:picked_up":{"minecraft:cocoa_beans":15,"minecraft:crafting_table":1,"minecraft:feather":2,"minecraft:chicken":3,"minecraft:jungle_log":12,"minecraft:salmon":4,"minecraft:flint":1,"minecraft:dirt":23,"minecraft:raw_copper":40,"minecraft:jungle_sapling":1,"minecraft:sugar_cane":7,"minecraft:melon_slice":86,"minecraft:raw_copper_block":1,"minecraft:stick":1,"minecraft:raw_iron":6,"minecraft:sandstone":2,"minecraft:gravel":12,"minecraft:sand":30,"minecraft:diorite":22,"minecraft:stone_sword":1,"minecraft:rotten_flesh":3,"minecraft:granite":3,"minecraft:bone_meal":1,"minecraft:coal":23,"minecraft:cobblestone":191},"minecraft:broken":{"minecraft:stone_pickaxe":2},"minecraft:crafted":{"minecraft:stone_shovel":1,"minecraft:crafting_table":1,"minecraft:wooden_pickaxe":1,"minecraft:cooked_chicken":3,"minecraft:furnace":1,"minecraft:cooked_salmon":4,"minecraft:stone_axe":1,"minecraft:air":0,"minecraft:jungle_planks":48,"minecraft:raw_copper":9,"minecraft:shield":1,"minecraft:stick":16,"minecraft:iron_ingot":6,"minecraft:stone_pickaxe":3,"minecraft:stone_sword":1,"minecraft:chest":2,"minecraft:torch":16},"minecraft:dropped":{"minecraft:stone_sword":1}},"DataVersion":4082}