{"stats":{"minecraft:custom":{"minecraft:mob_kills":68,"minecraft:interact_with_crafting_table":40,"minecraft:leave_game":1,"minecraft:time_since_death":86631,"minecraft:climb_one_cm":8139,"minecraft:sprint_one_cm":245312,"minecraft:walk_one_cm":320671,"minecraft:damage_blocked_by_shield":345,"minecraft:drop":2,"minecraft:play_time":172690,"minecraft:deaths":1,"minecraft:sneak_time":5379,"minecraft:walk_under_water_one_cm":17557,"minecraft:boat_one_cm":338904,"minecraft:jump":2760,"minecraft:walk_on_water_one_cm":52593,"minecraft:total_world_time":172690,"minecraft:interact_with_furnace":29,"minecraft:interact_with_cartography_table":5,"minecraft:time_since_rest":86665,"minecraft:damage_taken":2437,"minecraft:damage_dealt":10562,"minecraft:swim_one_cm":53836,"minecraft:fly_one_cm":417004,"minecraft:open_chest":87,"minecraft:crouch_one_cm":9786,"minecraft:fall_one_cm":61152},"minecraft:used":{"minecraft:stone_sword":255,"minecraft:stone_shovel":45,"minecraft:dried_kelp":1,"minecraft:chest":2,"minecraft:shield":13,"minecraft:cooked_salmon":9,"minecraft:cooked_chicken":6,"minecraft:rotten_flesh":21,"minecraft:torch":42,"minecraft:dirt":15,"minecraft:cocoa_beans":26,"minecraft:jungle_planks":7,"minecraft:lava_bucket":23,"minecraft:basalt":9,"minecraft:furnace":1,"minecraft:cobbled_deepslate":7,"minecraft:cooked_mutton":3,"minecraft:water_bucket":9,"minecraft:stone_pickaxe":635,"minecraft:cartography_table":1,"minecraft:oak_planks":15,"minecraft:wooden_pickaxe":19,"minecraft:sugar_cane":13,"minecraft:jungle_boat":2,"minecraft:sand":12,"minecraft:crafting_table":3,"minecraft:white_bed":1,"minecraft:map":1,"minecraft:melon_slice":60,"minecraft:iron_pickaxe":19,"minecraft:stone_axe":111,"minecraft:cobblestone":152,"minecraft:bucket":34,"minecraft:golden_pickaxe":32},"minecraft:picked_up":{"minecraft:cocoa_beans":51,"minecraft:crafting_table":2,"minecraft:chicken":6,"minecraft:string":21,"minecraft:raw_copper":176,"minecraft:blackstone":13,"minecraft:cobbled_deepslate":153,"minecraft:beef":8,"minecraft:jungle_sapling":3,"minecraft:chest":1,"minecraft:melon_slice":135,"minecraft:sugar_cane":57,"minecraft:raw_copper_block":3,"minecraft:raw_iron":22,"minecraft:stick":9,"minecraft:sandstone":2,"minecraft:brown_terracotta":1,"minecraft:torch":10,"minecraft:porkchop":5,"minecraft:diorite":33,"minecraft:redstone":41,"minecraft:rotten_flesh":22,"minecraft:stone_sword":2,"minecraft:arrow":8,"minecraft:armadillo_scute":2,"minecraft:glowstone":19,"minecraft:mutton":3,"minecraft:white_wool":5,"minecraft:cobblestone":279,"minecraft:magma_block":8,"minecraft:feather":3,"minecraft:basalt":33,"minecraft:jungle_log":53,"minecraft:salmon":9,"minecraft:leather":2,"minecraft:red_mushroom":1,"minecraft:flint":2,"minecraft:oak_log":5,"minecraft:dirt":35,"minecraft:bone":9,"minecraft:apple":1,"minecraft:stone_bricks":1,"minecraft:kelp":76,"minecraft:wheat_seeds":6,"minecraft:raw_gold":5,"minecraft:bamboo":70,"minecraft:oak_planks":4,"minecraft:gravel":13,"minecraft:jungle_planks":4,"minecraft:sand":78,"minecraft:grass_block":3,"minecraft:spider_eye":4,"minecraft:bundle":1,"minecraft:diamond":5,"minecraft:granite":3,"minecraft:bone_meal":1,"minecraft:oak_sapling":5,"minecraft:coal":38,"minecraft:netherrack":5,"minecraft:ender_pearl":2},"minecraft:killed":{"minecraft:armadillo":3,"minecraft:spider":7,"minecraft:skeleton":7,"minecraft:chicken":6,"minecraft:drowned":1,"minecraft:pig":3,"minecraft:salmon":9,"minecraft:creeper":1,"minecraft:sheep":2,"minecraft:zombie":24,"minecraft:cow":3,"minecraft:enderman":2},"minecraft:dropped":{"minecraft:wheat_seeds":1,"minecraft:stone_sword":1},"minecraft:mined":{"minecraft:deepslate_diamond_ore":5,"minecraft:jungle_leaves":2,"minecraft:granite":3,"minecraft:red_sand":1,"minecraft:grass_block":10,"minecraft:jungle_planks":4,"minecraft:jungle_log":54,"minecraft:red_mushroom":1,"minecraft:kelp":1,"minecraft:sandstone":2,"minecraft:tall_seagrass":1,"minecraft:magma_block":8,"minecraft:glowstone":21,"minecraft:iron_ore":22,"minecraft:fire":1,"minecraft:vine":8,"minecraft:bamboo":7,"minecraft:stone":256,"minecraft:deepslate_redstone_ore":9,"minecraft:blackstone":13,"minecraft:kelp_plant":10,"minecraft:basalt":25,"minecraft:crafting_table":2,"minecraft:short_grass":25,"minecraft:melon":26,"minecraft:chest":1,"minecraft:dead_bush":1,"minecraft:copper_ore":50,"minecraft:cobblestone":26,"minecraft:deepslate_gold_ore":5,"minecraft:sugar_cane":40,"minecraft:oak_planks":4,"minecraft:diorite":33,"minecraft:wall_torch":4,"minecraft:oak_log":5,"minecraft:coal_ore":38,"minecraft:cocoa":17,"minecraft:gravel":15,"minecraft:sand":45,"minecraft:dirt":19,"minecraft:brown_terracotta":1,"minecraft:raw_copper_block":3,"minecraft:netherrack":1,"minecraft:deepslate":158,"minecraft:oak_leaves":32,"minecraft:fern":12},"minecraft:crafted":{"minecraft:oak_planks":20,"minecraft:stone_shovel":1,"minecraft:cooked_chicken":6,"minecraft:furnace":1,"minecraft:jungle_trapdoor":2,"minecraft:raw_copper_block":19,"minecraft:cooked_mutton":3,"minecraft:bow":1,"minecraft:raw_copper":9,"minecraft:melon_seeds":10,"minecraft:stone_pickaxe":6,"minecraft:chest":2,"minecraft:bundle":2,"minecraft:dried_kelp_block":7,"minecraft:map":1,"minecraft:crafting_table":2,"minecraft:jungle_boat":2,"minecraft:dried_kelp":64,"minecraft:wooden_pickaxe":1,"minecraft:cooked_salmon":9,"minecraft:bucket":2,"minecraft:stone_axe":2,"minecraft:air":0,"minecraft:cartography_table":1,"minecraft:jungle_planks":124,"minecraft:diamond_pickaxe":1,"minecraft:paper":15,"minecraft:shield":2,"minecraft:stick":36,"minecraft:compass":1,"minecraft:iron_ingot":20,"minecraft:iron_pickaxe":1,"minecraft:stone_sword":3,"minecraft:gold_ingot":5,"minecraft:white_bed":1,"minecraft:torch":48,"minecraft:shears":1},"minecraft:broken":{"minecraft:stone_pickaxe":4}},"DataVersion":4082}